"ID,Name,Author,genre",,,
620,Animal Farm,George Orwell,"{""Roman"", ""Satire"",""Children's literature"",""Speculative fiction"", ""Fiction""}"
843,A Clockwork Orange,Anthony Burgess,"{""Science Fiction"", ""Novella"",""Speculative fiction"", ""Utopian and dystopian fiction"", ""Satire"", ""Fiction""}"
986,The Plague,Albert Camus,"{""Existentialism"", ""Fiction"", ""Absurdist fiction"", ""Novel""}"
2080,A Fire Upon the Deep,Vernor Vinge,"{""Hard science fiction"", ""Science Fiction"",""Speculative fiction"", ""Fantasy"", ""Fiction""}"
2152,All Quiet on the Western Front,Erich Maria Remarque,"{""War novel"", ""Roman""}"
2890,A Wizard of Earthsea,Ursula K. Le Guin,"{""Children's literature"", ""Fantasy"",""Speculative fiction"", ""Bildungsroman"", ""Fiction""}"
4081,Blade Runner 3: Replicant Night,K. W. Jeter,"{""Science Fiction"",""Speculative fiction""}"
4082,Blade Runner 2: The Edge of Human,K. W. Jeter,"{""Science Fiction"",""Speculative fiction""}"
6020,Crash,J. G. Ballard,"{""Speculative fiction"", ""Fiction"", ""Novel""}"
6628,Children of Dune,Frank Herbert,"{""Science Fiction"",""Speculative fiction"",""Children's literature"", ""Fiction""}"
6629,"Candide, ou l'Optimisme",Voltaire,"{""Satire"", ""Bildungsroman"", ""Picaresque novel""}"
6630,Chapterhouse Dune,Frank Herbert,"{""Science Fiction"",""Speculative fiction"",""Children's literature"", ""Fiction""}"
6921,Carmilla,Sheridan Le Fanu,"{""Gothic fiction""}"
7817,The Cider House Rules,John Irving,"{""Fiction""}"
7923,Dracula,Bram Stoker,"{""Science Fiction"",""Speculative fiction"", ""Horror"", ""Invasion literature"",""Mystery"", ""Epistolary novel"", ""Fantasy"", ""Fiction"", ""Gothic fiction""}"
8237,Don Quixote,Miguel de Cervantes,"{""Parody"",""Children's literature"", ""Psychological novel"", ""Satire"", ""Farce"", ""Picaresque novel"", ""Fiction""}"
8567,Dune Messiah,Frank Herbert,"{""Science Fiction"",""Speculative fiction"",""Children's literature"", ""Fiction"", ""Novel""}"
8757,Darwin's Dangerous Idea,Daniel Dennett,"{""Philosophy"", ""Science""}"
9000,Death of a Hero,Richard Aldington,"{""Fiction""}"
10861,The Trial,Franz Kafka,"{""Fiction"", ""Absurdist fiction"", ""Novel""}"
10951,Fahrenheit 451,Ray Bradbury,"{""Science Fiction"",""Children's literature"",""Speculative fiction"", ""Utopian and dystopian fiction"", ""Fiction"", ""Dystopia""}"
11745,Farmer Giles of Ham,J. R. R. Tolkien,"{""Fantasy"", ""Fiction""}"
12253,Gaudy Night,Dorothy L. Sayers,"{""Mystery"", ""Detective fiction"", ""Novel"", ""Fiction"", ""Suspense""}"
12653,God Emperor of Dune,Frank Herbert,"{""Science Fiction"",""Speculative fiction"",""Children's literature"", ""Fiction""}"
12995,Gone with the Wind,Margaret Mitchell,"{""Historical fiction"", ""Fiction"", ""Novel""}"
13535,Heart of Darkness,Joseph Conrad,"{""Fiction"", ""Novella"", ""Roman""}"
13871,Heretics of Dune,Frank Herbert,"{""Science Fiction"",""Speculative fiction"", ""Fiction""}"
14311,Adventures of Huckleberry Finn,Mark Twain,"{""Satire"",""Children's literature"", ""Fiction"", ""Adventure novel"", ""Humour""}"
15055,Ivanhoe,Walter Scott,"{""Historical fiction"", ""Fiction"", ""Historical novel""}"
15608,Johnny Got His Gun,Dalton Trumbo,"{""Fiction"", ""Novel""}"
17414,Icehenge,Kim Stanley Robinson,"{""Science Fiction"",""Speculative fiction""}"
19002,Microserfs,Douglas Coupland,"{""Epistolary novel"", ""Fiction""}"
19859,"Moby-Dick; or, The Whale",Herman Melville,"{""Sea story"", ""Fiction"", ""Adventure novel""}"
20361,Moonfleet,J. Meade Falkner,"{""Adventure novel""}"
21725,Neuromancer,William Gibson,"{""Cyberpunk"", ""Science Fiction"",""Speculative fiction"", ""Dystopia""}"
21861,Cryptonomicon,Neal Stephenson,"{""Fiction"", ""Novel""}"
22113,No Logo,Naomi Klein,"{""Business"",""Non-fiction"", ""Economics"", ""Anthropology"", ""Sociology"", ""Fiction""}"
23279,The Three Stigmata of Palmer Eldritch,Philip K. Dick,"{""Science Fiction"",""Speculative fiction"", ""Fiction"", ""Dystopia""}"
23280,Time out of Joint,Philip K. Dick,"{""Science Fiction"",""Speculative fiction"", ""Fiction"", ""Dystopia""}"
23281,A Scanner Darkly,Philip K. Dick,"{""Science Fiction"", ""Psychological novel"",""Speculative fiction"", ""Roman"", ""Fiction"", ""Dystopia""}"
23285,Radio Free Albemuth,Philip K. Dick,"{""Science Fiction"",""Speculative fiction"", ""Dystopia""}"
24162,Pride and Prejudice,Jane Austen,"{""Satire"", ""Fiction"", ""Romance novel"", ""Novel""}"
24861,Pale Fire,Vladimir Vladimirovich Nabokov,"{""Fiction""}"
25830,Rosencrantz & Guildenstern Are Dead,Tom Stoppard,"{""Absurdist fiction""}"
26052,Ringworld,Larry Niven,"{""Science Fiction"",""Speculative fiction"", ""Fiction"", ""Novel""}"
26476,Rendezvous with Rama,Arthur C. Clarke,"{""Hard science fiction"", ""Science Fiction"",""Speculative fiction""}"
27490,Sense and Sensibility,Jane Austen,"{""Children's literature"", ""Fiction"", ""Romance novel"", ""Novel""}"
28230,Speaker for the Dead,Orson Scott Card,"{""Science Fiction"",""Speculative fiction"", ""Fantasy"", ""Fiction""}"
28426,Starship Troopers,Robert A. Heinlein,"{""Science Fiction"",""Speculative fiction"", ""Fiction""}"
28833,Sir Gawain and the Green Knight,Pearl Poet,"{""Poetry""}"
29414,Stuart Little,E. B. White,"{""Speculative fiction"",""Children's literature"", ""Fiction""}"
29798,The Lord of the Rings,J. R. R. Tolkien,"{""Adventure novel"",""Speculative fiction"", ""Fantasy"", ""Fiction"",""Chivalric romance"",""Fantasy""}"
29821,The Doors of Perception,Aldous Huxley,"{""Philosophy"",""Non-fiction""}"
29834,The Time Machine,H. G. Wells,"{""Science Fiction"",""Children's literature"",""Speculative fiction"", ""Romance novel"", ""Fantasy"", ""Fiction"", ""Time travel"", ""Dystopia"", ""Scientific romance""}"
29991,The Shockwave Rider,John Brunner,"{""Science Fiction"",""Speculative fiction"", ""Novel""}"
29999,The Shining,Stephen King,"{""Gothic fiction"",""Children's literature"", ""Horror"",""Speculative fiction"", ""Fiction""}"
30033,Mort,Terry Pratchett,"{""Science Fiction"",""Speculative fiction"", ""Fantasy"", ""Fiction""}"
30280,The Hound of the Baskervilles,Arthur Conan Doyle,"{""Crime Fiction"",""Mystery"", ""Detective fiction"", ""Novel""}"
30292,The Hobbit,J. R. R. Tolkien,"{""Children's literature"", ""Juvenile fantasy"", ""Adventure novel"",""Speculative fiction"", ""Fantasy"", ""Fiction""}"
30706,The Great Divorce,C. S. Lewis,"{""Speculative fiction"", ""Fantasy"", ""Religion""}"
30709,The Screwtape Letters,C. S. Lewis,"{""Epistolary novel"", ""Inspirational"",""Speculative fiction"", ""Satire"", ""Fantasy"", ""Fiction"", ""Humour""}"
30757,The Pit and the Pendulum,Nancy Kilpatrick,"{""Horror"",""Speculative fiction"", ""Short story""}"
30761,The Hunt for Red October,Tom Clancy,"{""Novel"", ""Techno-thriller"",""Children's literature"", ""Fiction"", ""Suspense""}"
30762,The Cardinal of the Kremlin,Tom Clancy,"{""Thriller"", ""Fiction"", ""Novel""}"
30763,Debt of Honor,Tom Clancy,"{""Thriller"", ""Fiction"", ""Novel""}"
30971,Tunnel in the Sky,Robert A. Heinlein,"{""Science Fiction"",""Speculative fiction"",""Children's literature"", ""Fiction""}"
31283,The Mismeasure of Man,Stephen Jay Gould,"{""Non-fiction"", ""Science""}"
31342,The Picture of Dorian Gray,Oscar Wilde,"{""Gothic fiction"",""Speculative fiction"", ""Horror"", ""Fiction""}"
31434,The Sentinel,Arthur C. Clarke,"{""Speculative fiction""}"
31435,The Fountains of Paradise,Arthur C. Clarke,"{""Science Fiction"",""Speculative fiction""}"
31584,Lord of the Flies,William Golding,"{""Speculative fiction"", ""Young adult literature"", ""Fiction"", ""Novel""}"
31623,Through the Looking-Glass,Lewis Carroll,"{""Children's literature""}"
33651,Waiting for Godot,Samuel Beckett,"{""Poetry"", ""Drama"", ""Fiction"", ""Absurdist fiction"",""Play""}"
33790,The Wanderer,Fritz Leiber,"{""Science Fiction"",""Speculative fiction"", ""Fantasy"", ""Fiction"", ""Novel""}"
36218,2010: Odyssey Two,Arthur C. Clarke,"{""Science Fiction"",""Speculative fiction""}"
36681,Brave New World,Aldous Huxley,"{""Science Fiction"",""Children's literature"",""Speculative fiction"", ""Utopian and dystopian fiction"", ""Fiction"", ""Dystopia""}"
37322,Aeneid,Virgil,"{""Fantasy"", ""Fiction"", ""Poetry""}"
37373,Paradise Lost,John Milton,"{""Poetry""}"
37737,The Invisible Man,H. G. Wells,"{ ""Science Fiction"",""Children's literature"", ""Horror"", ""Novel"",""Speculative fiction"", ""Science"", ""Fiction"", ""Scientific romance""}"
38093,Twenty Thousand Leagues Under the Sea,Emanuel J Mickel,"{""Science Fiction"",""Children's literature"", ""Novel"", ""Adventure novel"", ""Fiction"", ""Scientific romance""}"
38114,Keep the Aspidistra Flying,George Orwell,"{""Novel""}"
38279,"Lions' Commentary on UNIX 6th Edition, with Source Code",John Lions,"{""Computer Science""}"
38615,The Myth of Sisyphus,Albert Camus,"{""Existentialism""}"
41522,Northanger Abbey,Jane Austen,"{""Gothic fiction"", ""Satire"", ""Reference"", ""Fiction"", ""Romance novel""}"
42478,The Rime of the Ancient Mariner,Samuel Taylor Coleridge,"{""Poetry""}"
42572,The Eye of the World,Robert Jordan,"{""Speculative fiction"", ""Fantasy"",""Fantasy""}"
42573,The Great Hunt,Robert Jordan,"{""Speculative fiction"", ""Fantasy""}"
42574,A Crown of Swords,Robert Jordan,"{""Speculative fiction"", ""Fantasy""}"
42575,Winter's Heart,Robert Jordan,"{""Speculative fiction"", ""Fantasy""}"
42609,Around the World in Eighty Days,Jules Verne,"{""Children's literature"", ""Fiction"", ""Adventure novel""}"
42645,The Grapes of Wrath,John Steinbeck,"{""Novel""}"
42673,How Green Was My Valley,Richard Llewellyn,"{""Historical fiction"", ""Drama"", ""Fiction"", ""Novel""}"
42906,The Queen of the Damned,Anne Rice,"{""Horror"", ""Supernatural"",""Speculative fiction"", ""Fantasy"", ""Fiction"", ""Gothic fiction""}"
43023,Gulliver's Travels,Jonathan Swift,"{""Science Fiction"", ""Satire"", ""Fantasy"",""Speculative fiction""}"
43168,The Color Purple,Alice Walker,"{""Epistolary novel"", ""Fiction""}"
43206,A Midsummer Night's Dream,William Shakespeare,"{""Fantasy"", ""Comedy""}"
44005,The English Patient,Michael Ondaatje,"{""Fiction"", ""Novel""}"
44447,The Forge of God,Greg Bear,"{""Science Fiction"",""Speculative fiction"", ""Fiction"", ""Novel""}"
44449,Blood Music,Greg Bear,"{""Science Fiction"",""Speculative fiction"", ""Fantasy"", ""Fiction""}"
44472,The World According to Garp,John Irving,"{""Literary fiction""}"
44524,Mutiny on the Bounty,James Norman Hall,"{""History"", ""Novel""}"
45047,The Memory of Earth,Orson Scott Card,"{""Science Fiction"",""Speculative fiction"", ""Fiction""}"
45076,Sixth Column,Robert A. Heinlein,"{""Science Fiction"", ""Fantasy"", ""Fiction""}"
45081,The Puppet Masters,Robert A. Heinlein,"{""Science Fiction"",""Speculative fiction"", ""Fiction""}"
45133,The Wind in the Willows,Kenneth Grahame,"{""Children's literature"", ""Fiction"", ""Novel""}"
45227,The Hunting of the Snark,Lewis Carroll,"{""Speculative fiction""}"
45232,Jonathan Livingston Seagull,Richard Bach,"{""Self-help"",""Spirituality"",""Speculative fiction"", ""Fiction"", ""Novella""}"
45896,The Stranger,Albert Camus,"{""Crime Fiction"", ""Existentialism"", ""Fiction"", ""Absurdist fiction"", ""Suspense""}"
45903,The Man in the High Castle,Philip K. Dick,"{""Alternate history"", ""Science Fiction"",""Speculative fiction"", ""Fantasy"", ""Dystopia""}"
45908,Rocket Ship Galileo,Robert A. Heinlein,"{""Science Fiction"",""Speculative fiction"",""Children's literature"", ""Fiction""}"
45912,Space Cadet,Robert A. Heinlein,"{""Science Fiction"",""Speculative fiction"", ""Fantasy"", ""Fiction""}"
45918,Between Planets,Robert A. Heinlein,"{""Science Fiction"",""Speculative fiction"",""Children's literature"", ""Fiction"", ""Novel""}"
45921,Starman Jones,Robert A. Heinlein,"{""Science Fiction"",""Speculative fiction"", ""Fiction"", ""Novel""}"
45927,Podkayne of Mars,Robert A. Heinlein,"{""Science Fiction"",""Speculative fiction"", ""Fiction""}"
46064,Story of O,Pauline Réage,"{""Erotica""}"
46184,The Star Beast,Robert A. Heinlein,"{""Science Fiction"",""Speculative fiction"", ""Fiction""}"
47974,Dr. No,Ian Fleming,"{""Spy fiction""}"
48573,The Andromeda Strain,Michael Crichton,"{""Science Fiction"",""Speculative fiction"", ""Techno-thriller"",""Mystery"", ""Suspense"", ""Fiction""}"
48648,Harry Potter and the Philosopher's Stone,J. K. Rowling,"{""Children's literature"", ""Fantasy"",""Speculative fiction"", ""Fiction""}"
49759,Down and Out in Paris and London,George Orwell,"{""Autobiographical novel"",""Autobiography"", ""Fiction"",""Memoir"",""Non-fiction""}"
49917,The Last Man,Mary Shelley,"{""Catastrophic literature"", ""Apocalyptic and post-apocalyptic fiction"", ""Science Fiction"",""Speculative fiction"", ""Fiction""}"
49922,The Transmigration of Timothy Archer,Philip K. Dick,"{""Speculative fiction"", ""Novel""}"
50223,Dirk Gently's Holistic Detective Agency,Douglas Adams,"{""Science Fiction"",""Speculative fiction"", ""Fantasy"", ""Comedy""}"
50376,Dragonflight,Anne McCaffrey,"{""Science Fiction"",""Children's literature"", ""Fantasy"", ""Fiction""}"
52224,The Diamond Age,Neal Stephenson,"{""Cyberpunk"", ""Science Fiction"",""Speculative fiction"", ""Fiction"", ""Postcyberpunk""}"
52803,The Hunchback of Notre Dame,Victor Hugo,"{""Children's literature"", ""Fiction""}"
52853,Alice's Adventures in Wonderland,Lewis Carroll,"{""Children's literature"", ""Fantasy"",""Speculative fiction"", ""Absurdist fiction"", ""Fiction""}"
52927,Now Wait for Last Year,Philip K. Dick,"{""Science Fiction"",""Speculative fiction"", ""Fantasy""}"
53071,The Magician's Nephew,C. S. Lewis,"{""Speculative fiction"", ""Fantasy"",""Children's literature""}"
53515,The Patchwork Girl of Oz,L. Frank Baum,"{""Speculative fiction"", ""Fantasy"",""Children's literature""}"
53589,To Sail Beyond the Sunset,Robert A. Heinlein,"{""Science Fiction"",""Speculative fiction""}"
53590,Double Star,Robert A. Heinlein,"{""Science Fiction"",""Speculative fiction"", ""Fantasy"", ""Fiction""}"
53591,Time for the Stars,Robert A. Heinlein,"{""Science Fiction"",""Speculative fiction"",""Children's literature"", ""Fiction""}"
53592,Citizen of the Galaxy,Robert A. Heinlein,"{""Science Fiction"",""Speculative fiction"", ""Fiction""}"
53595,Stranger in a Strange Land,Robert A. Heinlein,"{""Science Fiction"", ""Fiction""}"
53596,Glory Road,Robert A. Heinlein,"{""Science Fiction"",""Speculative fiction"", ""Fantasy"", ""Fiction"", ""Novel""}"
53597,The Moon Is a Harsh Mistress,Robert A. Heinlein,"{""Science Fiction"", ""Fantasy"", ""Fiction""}"
53598,I Will Fear No Evil,Robert A. Heinlein,"{""Science Fiction"",""Speculative fiction"", ""Fiction""}"
53600,The Cat Who Walks Through Walls,Robert A. Heinlein,"{""Science Fiction"",""Speculative fiction""}"
53673,Methuselah's Children,Robert A. Heinlein,"{""Science Fiction"",""Speculative fiction""}"
54436,The Wonderful Wizard of Oz,L. Frank Baum,"{""Speculative fiction"", ""Fantasy"",""Children's literature""}"
55435,Wuthering Heights,Emily Brontë,"{""Gothic fiction"", ""Fiction"", ""Novel""}"
55438,Jane Eyre,Charlotte Brontë,"{""Novel"", ""Social criticism"", ""Romance novel"", ""Fiction"", ""Bildungsroman"", ""Gothic fiction""}"
55469,Catch-22,Joseph Heller,"{""Anti-war"", ""War novel"", ""Absurdist fiction"", ""Historical fiction"", ""Satire"", ""Black comedy""}"
55483,Robinson Crusoe,Daniel Defoe,"{""Speculative fiction"",""Children's literature"", ""Fiction"", ""Adventure novel"", ""Novel""}"
55737,Clear and Present Danger,Tom Clancy,"{""Thriller"",""Mystery"",""Children's literature"", ""Fiction"", ""Suspense""}"
56575,Castle Rackrent,Maria Edgeworth,"{""Fiction"", ""Historical novel""}"
57344,Emma,Jane Austen,"{""Children's literature"", ""Reference"", ""Novel"", ""Comedy of manners"", ""Romance novel"", ""Comedy"", ""Fiction""}"
57766,Charlie and the Chocolate Factory,Roald Dahl,"{""Children's literature"", ""Fantasy"",""Speculative fiction"", ""Fiction""}"
58406,Anne of Green Gables,Lucy Maud Montgomery,"{""Children's literature"", ""Novel""}"
58619,The Wasp Factory,Iain Banks,"{""Fiction"", ""Novel""}"
58620,Espedair Street,Iain Banks,"{""Fiction"", ""Novel""}"
58621,The Crow Road,Iain Banks,"{""Mystery"", ""Novel"", ""Fiction"", ""Suspense""}"
58622,Consider Phlebas,Iain Banks,"{""Science Fiction"",""Speculative fiction""}"
58665,Inversions,Iain Banks,"{""Science Fiction"",""Speculative fiction""}"
58901,Ender's Game,Orson Scott Card,"{""Science Fiction"",""Speculative fiction"", ""Fiction""}"
59411,Measure for Measure,William Shakespeare,"{""Fiction""}"
59692,"Flow My Tears, The Policeman Said",Philip K. Dick,"{""Science Fiction"",""Speculative fiction"", ""Fiction"", ""Dystopia"", ""Novel""}"
59782,Job: A Comedy of Justice,Robert A. Heinlein,"{""Science Fiction"",""Speculative fiction"", ""Novel""}"
59784,Farmer in the Sky,Robert A. Heinlein,"{""Science Fiction"",""Speculative fiction"", ""Fiction"", ""Novel""}"
59786,Friday,Robert A. Heinlein,"{""Science Fiction"",""Speculative fiction"", ""Fiction"", ""Novel""}"
59804,Have Space Suit-Will Travel,Robert A. Heinlein,"{""Science Fiction"",""Speculative fiction""}"
59842,Red Planet,Robert A. Heinlein,"{""Science Fiction"", ""Fantasy"", ""Fiction"", ""Novel""}"
59844,The Number of the Beast,Robert A. Heinlein,"{""Science Fiction""}"
60128,Foundation's Edge,Isaac Asimov,"{""Science Fiction"",""Speculative fiction"", ""Novel""}"
60129,The Caves of Steel,Isaac Asimov,"{""Science Fiction"",""Children's literature"",""Speculative fiction"",""Mystery"", ""Fantasy"", ""Fiction""}"
60130,Prelude to Foundation,Isaac Asimov,"{""Science Fiction"",""Speculative fiction"",""Children's literature"", ""Fiction""}"
60131,Foundation and Earth,Isaac Asimov,"{""Science Fiction"",""Speculative fiction"", ""Fiction"", ""Novel""}"
60139,Time Enough for Love,Robert A. Heinlein,"{""Science Fiction"",""Speculative fiction"", ""Fiction""}"
60145,The Rolling Stones,Robert A. Heinlein,"{""Science Fiction"",""Speculative fiction"",""Children's literature"", ""Fiction""}"
60146,The Door into Summer,Robert A. Heinlein,"{""Science Fiction"",""Speculative fiction"", ""Fiction""}"
60149,Farnham's Freehold,Robert A. Heinlein,"{""Science Fiction""}"
60161,The Maltese Falcon,Dashiell Hammett,"{""Crime Fiction"", ""Detective fiction"",""Mystery"", ""Fiction"", ""Hardboiled"", ""Suspense""}"
60171,The Treasure of the Sierra Madre,B. Traven,"{""Western"", ""Fiction"", ""Adventure novel""}"
60266,Funeral in Berlin,Len Deighton,"{""Spy fiction"", ""Fiction""}"
60267,Billion-Dollar Brain,Len Deighton,"{""Science Fiction"", ""Spy fiction"", ""Fiction""}"
60269,Kim,Rudyard Kipling,"{""Spy fiction"", ""Novel"", ""Picaresque novel""}"
60310,Whit,Iain Banks,"{""Science Fiction"", ""Fantasy"", ""Fiction"", ""Novel""}"
60364,Mostly Harmless,Douglas Adams,"{""Science Fiction"",""Speculative fiction"", ""Fiction"", ""Comic science fiction"", ""Humour""}"
60956,Native Son,Richard Wright,"{""Fiction"", ""Novel""}"
61069,A Farewell to Arms,Ernest Hemingway,"{""Fiction"", ""Novel""}"
61172,Imitation of Life,Fannie Hurst,"{""Novel""}"
61179,The Last Command,Timothy Zahn,"{""Science Fiction"",""Children's literature"", ""Fantasy"",""Speculative fiction"", ""Fiction""}"
61181,The Way of All Flesh,Samuel Butler,"{""Autobiographical novel""}"
61324,Alice Adams,Booth Tarkington,"{""Fantasy"", ""Fiction"", ""Romance novel"", ""Novel""}"
61489,Les Misérables,Victor Hugo,"{""Fiction"", ""Novel""}"
61506,Dodsworth,Sinclair Lewis,"{""Novel""}"
61528,Lost Horizon,James Hilton,"{""Children's literature"", ""Adventure novel"",""Speculative fiction"", ""Fantasy"", ""Non-fiction novel"", ""Lost World"", ""Fiction""}"
61958,The Red Badge of Courage,Stephen Crane,"{""Fiction""}"
62113,"Goodbye, Mr. Chips",James Hilton,"{""Psychological novel""}"
62120,Of Mice and Men,John Steinbeck,"{""Novella""}"
63099,Ishmael,Daniel Quinn,"{""Speculative fiction"", ""Fantasy"", ""Fiction"", ""Novel""}"
63110,David Copperfield,Charles Dickens,"{""Fiction"", ""Novel""}"
63335,Childhood's End,Arthur C. Clarke,"{""Science Fiction"",""Speculative fiction"", ""Catastrophic literature"", ""Transhumanism""}"
63750,The Two Towers,J. R. R. Tolkien,"{""Science Fiction"",""Children's literature"", ""Fantasy"",""Speculative fiction"", ""Fiction""}"
63751,The Return of the King,J. R. R. Tolkien,"{""Science Fiction"", ""Biography"",""Speculative fiction"", ""Fantasy"", ""Fiction"",""Autobiography""}"
63985,The Drawing of the Three,Stephen King,"{""Science Fiction"",""Children's literature"", ""Horror"", ""Western fiction"",""Speculative fiction"", ""Fantasy"", ""Fiction""}"
63987,The Gunslinger,Stephen King,"{""Science Fiction"",""Children's literature"", ""Horror"", ""Western fiction"",""Speculative fiction"", ""Western"", ""Fantasy"", ""Fiction""}"
63992,On Writing: A Memoir of the Craft,Stephen King,"{""Autobiography""}"
63997,The Body,Stephen King,"{""Novella""}"
64002,Wizard and Glass,Stephen King,"{""Science Fiction"",""Children's literature"", ""Horror"",""Speculative fiction"", ""Fantasy"", ""Fiction""}"
64007,The Waste Lands,Stephen King,"{""Fantasy"", ""Science Fiction"",""Speculative fiction"", ""Horror"", ""Fiction""}"
64010,The Eyes of the Dragon,Stephen King,"{""Children's literature"", ""Fantasy"",""Speculative fiction"", ""Fiction""}"
64024,Dolores Claiborne,Stephen King,"{""Thriller"",""Children's literature"", ""Horror"",""Speculative fiction"", ""Fiction""}"
64025,Gerald's Game,Stephen King,"{""Thriller"",""Speculative fiction"", ""Horror""}"
64026,The Girl Who Loved Tom Gordon: A Novel,Stephen King,"{""Fiction""}"
64029,The Green Mile,Stephen King,"{""Fantasy"",""Speculative fiction"", ""Horror""}"
64035,The Long Walk,Stephen King,"{""Science Fiction"",""Speculative fiction"", ""Horror"", ""Dystopia""}"
64199,Solaris,Stanisław Lem,"{""Science Fiction"",""Speculative fiction"", ""Novel"", ""Psychological novel""}"
65379,The Day of the Triffids,John Wyndham,"{""Fiction""}"
66219,Love and Mr Lewisham,H. G. Wells,"{""Science Fiction"",""Speculative fiction"", ""Fiction"", ""Novel""}"
66346,The Stardroppers,John Brunner,"{""Science Fiction""}"
67003,Carrie,Stephen King,"{""Science Fiction"", ""Horror"",""Speculative fiction"",""Mystery"", ""Epistolary novel"", ""Fiction"", ""Suspense""}"
67317,Watership Down,Richard Adams,"{""Speculative fiction"", ""Fantasy"", ""Fiction""}"
67838,Harriet the Spy,Louise Fitzhugh,"{""Spy fiction"",""Children's literature"", ""Fiction""}"
68348,The Big Sleep,Raymond Chandler,"{""Crime Fiction"", ""Detective fiction"", ""Novel"", ""Hardboiled""}"
68851,The State of the Art,Iain Banks,"{""Science Fiction"",""Speculative fiction""}"
68857,The Player of Games,Iain Banks,"{""Science Fiction"",""Speculative fiction""}"
68863,Excession,Iain Banks,"{""Science Fiction"",""Speculative fiction""}"
68870,Look to Windward,Iain Banks,"{""Science Fiction"",""Speculative fiction""}"
68871,Use of Weapons,Iain Banks,"{""Science Fiction"",""Speculative fiction""}"
69111,"So Long, and Thanks for All the Fish",Douglas Adams,"{""Science Fiction"",""Speculative fiction"", ""Fiction"", ""Comic novel"", ""Humour"", ""Comic science fiction""}"
69485,Choke,Chuck Palahniuk,"{""Black comedy"", ""Novel"", ""Satire"",""Speculative fiction"", ""Fiction""}"
69868,A Friend of the Earth,T. Coraghessan Boyle,"{""Speculative fiction"", ""Dystopia""}"
69919,In Search of Lost Time,Marcel Proust,"{""Autobiographical novel"", ""Fiction""}"
69931,Liza of Lambeth,W. Somerset Maugham,"{""Speculative fiction"", ""Fiction""}"
70070,The Weirdstone of Brisingamen,Alan Garner,"{""Speculative fiction"", ""Fantasy"",""Children's literature""}"
70153,The Human Stain,Philip Roth,"{""Fiction"", ""Novel""}"
70206,Picnic at Hanging Rock,Joan Lindsay,"{""Mystery"", ""Historical novel""}"
70258,"I, the Jury",Mickey Spillane,"{""Crime Fiction"",""Mystery"", ""Fiction"", ""Suspense""}"
70375,Thinks ...,David Lodge,"{""Fiction"", ""Romance novel""}"
70829,The Adventures of Pinocchio,Carlo Collodi,"{""Children's literature"", ""Fantasy"",""Speculative fiction"", ""Humour"", ""Fiction""}"
70850,Smith of Wootton Major,J. R. R. Tolkien,"{""Fantasy"", ""Fiction"", ""Novella""}"
71290,"England, England",Julian Barnes,"{""Speculative fiction"", ""Fiction""}"
71416,Dune,Frank Herbert,"{""Conspiracy fiction"", ""Science Fiction"", ""Philosophy"", ""Adventure novel"", ""Planetary romance"", ""Fiction"", ""Military science fiction""}"
71479,Feersum Endjinn,Iain Banks,"{""Science Fiction"",""Speculative fiction""}"
71480,Against a Dark Background,Iain Banks,"{""Science Fiction"",""Speculative fiction"", ""Fiction""}"
71567,Just Like That,Lily Brett,"{""Autobiographical novel""}"
71791,Memoirs of a Fox-Hunting Man,Siegfried Sassoon,"{""Roman"", ""Poetry"", ""Fiction""}"
71989,Uncle Tom's Cabin,Harriet Beecher Stowe,"{""Novel""}"
72018,The Beach,Alex Garland,"{""Fiction""}"
72084,Murder Must Advertise,Dorothy L. Sayers,"{""Mystery"", ""Fiction"", ""Suspense""}"
72398,The Man Who Would Be King,Rudyard Kipling,"{""Lost World"", ""Adventure novel""}"
73408,To Kill a Mockingbird,Harper Lee,"{""Fiction""}"
73530,Mildred Pierce,James M. Cain,"{""Mystery"", ""Hardboiled"", ""Novel"", ""Suspense"", ""Fiction""}"
73670,A Christmas Carol,Charles Dickens,"{""Ghost story"", ""Morality play"", ""Novella"",""Speculative fiction"", ""Fairy tale"", ""Fiction""}"
74257,About a Boy,Nick Hornby,"{""Fiction"", ""Novel""}"
74960,Miss Lulu Bett,Zona Gale,"{""Fiction"", ""Novel""}"
75214,Flatland: A Romance of Many Dimensions,Edwin Abbott Abbott,"{""Science Fiction"", ""Novella"",""Speculative fiction"", ""Science"", ""Fiction"",""Mathematics"", ""Scientific romance""}"
75702,Sick Puppy,Carl Hiaasen,"{""Novel""}"
76028,The Prisoner of Zenda,Anthony Hope,"{""History"",""Children's literature"", ""Fiction"", ""Romance novel"", ""Novel""}"
76033,The Great Gatsby,F. Scott Fitzgerald,"{""Fiction"", ""Novel""}"
77652,For Whom the Bell Tolls,Ernest Hemingway,"{""War novel"", ""Fiction""}"
78016,From Russia with Love,Ian Fleming,"{""Spy fiction""}"
78145,The Tombs of Atuan,Ursula K. Le Guin,"{""Science Fiction"",""Children's literature"",""Speculative fiction"", ""Fantasy"", ""Fiction"", ""Bildungsroman""}"
78797,Good Omens,Neil Gaiman,"{""Science Fiction"",""Speculative fiction"", ""Fantasy"", ""Comedy"", ""Comic novel"", ""Fiction""}"
78799,Coraline,Neil Gaiman,"{""Fantasy"",""Speculative fiction"", ""Horror"",""Children's literature""}"
79078,The Sandman: Dream Country,Neil Gaiman,"{""Fantasy"", ""Fiction"", ""Graphic novel""}"
79498,Tartarin de Tarascon,Alphonse Daudet,"{""Children's literature"", ""Fiction"", ""Novel""}"
79569,SS-GB,Len Deighton,"{""Alternate history"",""Speculative fiction""}"
79578,Finnegans Wake,James Joyce,"{""Novel""}"
80124,The Virgin Suicides,Jeffrey Eugenides,"{""Fiction"", ""Novel""}"
80394,What Makes Sammy Run?,Budd Schulberg,"{""Satire"", ""Fiction"", ""Novel""}"
80497,The Razor's Edge,W. Somerset Maugham,"{""Novel""}"
81166,King Solomon's Mines,H. Rider Haggard,"{""Lost World"",""Speculative fiction"", ""Adventure novel""}"
81812,Babel-17,Samuel R. Delany,"{""Science Fiction"",""Speculative fiction""}"
81816,The Languages of Pao,Jack Vance,"{""Science Fiction"",""Speculative fiction"", ""Fiction""}"
82163,The Count of Monte Cristo,Auguste Maquet,"{""Romance novel"", ""Fiction"", ""Adventure novel"", ""Historical novel""}"
82287,Cat's Cradle,Kurt Vonnegut,"{""Science Fiction"", ""Satire"",""Speculative fiction""}"
82960,Excellent Women,Barbara Pym,"{""Fiction"", ""Novel""}"
83545,The Scarlet Pimpernel,Baroness Emma Orczy,"{""Adventure novel"", ""Historical novel""}"
84229,The Robe,Andrew Greeley,"{""Speculative fiction"", ""Fiction""}"
84791,The Legend of Sleepy Hollow,Washington Irving,"{""Speculative fiction""}"
84938,The Thirty-nine Steps,"John Buchan, 1st Baron Tweedsmuir","{""Thriller"", ""Novel""}"
85766,Dead Air,Iain Banks,"{""Fiction"", ""Novel""}"
86351,The Exorcist,William Peter Blatty,"{""Science Fiction"",""Speculative fiction"", ""Horror"", ""Fiction""}"
86928,A Severed Head,Iris Murdoch,"{""Fiction"", ""Novel""}"
87742,Coming Up for Air,George Orwell,"{""Fiction""}"
88353,Shadow Puppets,Orson Scott Card,"{""Science Fiction"",""Speculative fiction"", ""Fantasy"", ""Fiction""}"
89960,The Road to Mars,Eric Idle,"{""Science Fiction"",""Speculative fiction"", ""Comedy"", ""Fiction""}"
90022,Regeneration,Pat Barker,"{""War novel"", ""Fiction""}"
90118,House of Leaves,Mark Z. Danielewski,"{""Horror"",""Speculative fiction"", ""Ergodic literature"", ""Romance novel"", ""Satire"", ""Fiction"",""Chivalric romance""}"
90119,The Whalestoe Letters,Mark Z. Danielewski,"{""Epistolary novel"",""Speculative fiction"", ""Novella""}"
92318,Restoree,Anne McCaffrey,"{""Science Fiction"",""Speculative fiction"", ""Fantasy"", ""Fiction"", ""Novel""}"
92551,Mister Roberts,Thomas Heggen,"{""War novel""}"
92695,Elmer Gantry,Sinclair Lewis,"{""Fiction"", ""Novel""}"
92699,Sons and Lovers,D. H. Lawrence,"{""Autobiographical novel"", , ""Fiction""}"
95531,Survivor,Chuck Palahniuk,"{""Novel"",""Speculative fiction"",""Mystery"", ""Satire"", ""Fiction"", ""Black comedy"",""Autobiography"", ""Suspense""}"
96881,The Jungle,"Upton Sinclair, Jr.","{""Politics"", ""Fiction""}"
100141,Level 7,Mordecai Roshwald,"{""Science Fiction"",""Speculative fiction"", ""Dystopia""}"
101904,Sounder,William Armstrong,"{""Children's literature""}"
102516,Nemesis,Isaac Asimov,"{""Science Fiction"",""Speculative fiction"",""Children's literature"", ""Fiction""}"
102540,Island of the Sequined Love Nun,Christopher Moore,"{""Speculative fiction"", ""Comedy"", ""Romance novel""}"
104114,Quartet in Autumn,Barbara Pym,"{""Fiction"", ""Novel""}"
104116,Some Tame Gazelle,Barbara Pym,"{""Comedy"", ""Fiction""}"
105309,Satyricon,Petronius Arbiter,"{""Novel"", ""Satire"", ""Historical fiction"", ""Poetry"", ""Fiction""}"
106086,"Guns, Germs, and Steel",Jared Diamond,"{""History""}"
113448,A Passage to India,E. M. Forster,"{""Fiction"", ""Romance novel"", ""Novel""}"
113470,A Room with a View,E. M. Forster,"{""Travel"", ""Fiction"", ""Romance novel"", ""Novel""}"
123422,"Alas, Babylon",Pat Frank,"{""Science Fiction"", ""Reference"", ""Novel"",""Speculative fiction"", ""Apocalyptic and post-apocalyptic fiction"", ""Fiction""}"
125588,Sister Carrie,Theodore Dreiser,"{""Fiction"", ""Romance novel"", ""Novel""}"
129394,The Accidental Tourist,Anne Tyler,"{""Fiction""}"
133721,The Remains of the Day,Kazuo Ishiguro,"{""Fiction"", ""Historical novel""}"
133874,Crime and Punishment,Fyodor Dostoyevsky,"{""Crime Fiction"", ""Novel"", ""Fiction"", ""Suspense""}"
140648,The Long Dark Tea-Time of the Soul,Douglas Adams,"{""Science Fiction"",""Speculative fiction"", ""Science"",""Mystery"", ""Fantasy"", ""Comedy"", ""Comic novel"", ""Fiction""}"
142161,The Railway Children,E. Nesbit,"{""Children's literature"", ""Fiction""}"
142164,Imperial Earth,Arthur C. Clarke,"{""Science Fiction"",""Speculative fiction""}"
142323,The Masque of the Red Death,Edgar Allan Poe,"{""Gothic fiction"", ""Horror"", ""Short story""}"
142739,The Ghost Road,Pat Barker,"{""War novel"", ""Fiction""}"
143623,Rosemary's Baby,Ira Levin,"{""Speculative fiction"", ""Horror""}"
143815,This Perfect Day,Ira Levin,"{""Science Fiction"",""Speculative fiction"", ""Horror"", ""Fiction"", ""Dystopia""}"
143827,The Boys from Brazil,Ira Levin,"{""Thriller"",""Speculative fiction"", ""Fiction""}"
143836,A Descent into the Maelstrom,Edgar Allan Poe,"{""Science Fiction""}"
144074,Sliver,Ira Levin,"{""Mystery"", ""Fiction"", ""Suspense""}"
144688,The Purloined Letter,Edgar Allan Poe,"{""Detective fiction"", ""Short story""}"
145429,The Tale of Genji,Murasaki Shikibu,"{""Fiction""}"
145627,Master and Commander,Patrick O'Brian,"{""Historical fiction"", ""Fiction"", ""Historical novel""}"
145636,The Devil and Daniel Webster,Stephen Vincent Benét,"{""Fantasy"", ""Short story""}"
146188,The End of Eternity,Isaac Asimov,"{""Novel"", ""Time travel"",""Speculative fiction"", ""Science Fiction"", ""Fiction""}"
147014,The Newcomes,William Makepeace Thackeray,"{""Fiction""}"
147951,Little Dorrit,Charles Dickens,"{""Fiction""}"
149096,A Man Called Horse,Dorothy M. Johnson,"{""Short story""}"
149134,Where Angels Fear to Tread,E. M. Forster,"{""Fiction"", ""Romance novel"", ""Novel""}"
149679,Shame,Salman Rushdie,"{""Speculative fiction"", ""Fiction"", ""Novel""}"
151636,Trent's Last Case,E. C. Bentley,"{""Mystery"", ""Detective fiction""}"
152925,Waverley,Walter Scott,"{""Historical novel""}"
153150,The Vampire Lestat,Anne Rice,"{""Children's literature"", ""Horror"",""Speculative fiction"", ""Fantasy"", ""Fiction"", ""Gothic fiction""}"
153449,The Tale of the Body Thief,Anne Rice,"{""Children's literature"", ""Horror"", ""Inspirational"",""Speculative fiction"", ""Fantasy"", ""Fiction"", ""Gothic fiction""}"
153476,Memnoch the Devil,Anne Rice,"{""Gothic fiction"", ""Fantasy"",""Speculative fiction"", ""Horror"", ""Fiction""}"
154524,The Further Adventures of Robinson Crusoe,Daniel Defoe,"{""Fiction"", ""Adventure novel"", ""Novel""}"
154527,"The 120 Days of Sodom, or the School of Libertinism","Donatien Alphonse François de Sade, Marquis de Sade","{""Erotica""}"
155311,War and Peace,Leo Tolstoy,"{""War novel"", ""Romance novel"", ""Historical novel""}"
155505,On the Beach,Nevil Shute,"{""Science Fiction"", ""Novel"",""Speculative fiction"", ""Apocalyptic and post-apocalyptic fiction"", ""Suspense"", ""Fiction""}"
155592,Son Excellence Eugène Rougon,Émile Zola,"{""Novel""}"
155594,La Curée,Émile Zola,"{""Novel""}"
155597,L'Argent,Émile Zola,"{""Novel""}"
155638,The Crying of Lot 49,Thomas Pynchon,"{""Speculative fiction"", ""Fiction"", ""Novel""}"
155763,Jack of Shadows,Roger Zelazny,"{""Science Fiction"",""Speculative fiction"", ""Fantasy"", ""Novel""}"
156205,Whose Body?,Dorothy L. Sayers,"{""Mystery""}"
156206,Clouds of Witness,Dorothy L. Sayers,"{""Mystery"", ""Fiction"", ""Suspense""}"
156207,Unnatural Death,Dorothy L. Sayers,"{""Mystery"", ""Fiction"", ""Suspense""}"
156208,The Unpleasantness at the Bellona Club,Dorothy L. Sayers,"{""Mystery"", ""Fiction"", ""Suspense""}"
156209,Strong Poison,Dorothy L. Sayers,"{""Mystery"", ""Fiction"", ""Suspense""}"
156211,Five Red Herrings,Dorothy L. Sayers,"{""Mystery"", ""Fiction"", ""Suspense""}"
156213,The Nine Tailors,Dorothy L. Sayers,"{""Mystery"", ""Fiction"", ""Suspense""}"
156215,Busman's Honeymoon,Dorothy L. Sayers,"{""Mystery"", ""Detective fiction""}"
156216,"Thrones, Dominations",Jill Paton Walsh,"{""Mystery"", ""Fiction"", ""Suspense""}"
156314,Light in August,William Faulkner,"{""Fiction""}"
156489,Harry Potter and the Order of the Phoenix,J. K. Rowling,"{""Fantasy"", ""Young adult literature"", ""Fiction""}"
157212,Consciousness Explained,Daniel Dennett,"{""Philosophy"", ""Science""}"
157837,Romance of the Three Kingdoms,Luo Guanzhong,"{""War novel"", ""Historical novel""}"
158297,The Dragon in the Sea,Frank Herbert,"{""Thriller"", ""Science Fiction"", ""Fiction""}"
158313,Destination: Void,Frank Herbert,"{""Science Fiction"",""Speculative fiction""}"
158341,Whipping Star,Frank Herbert,"{""Science Fiction"",""Speculative fiction"", ""Fiction""}"
158354,The Dosadi Experiment,Frank Herbert,"{""Science Fiction"",""Speculative fiction"", ""Fiction""}"
158680,The Transparent Society,David Brin,"{""Anthropology"",""Non-fiction"", ""Sociology""}"
158714,The Poisoned Chocolates Case,Anthony Berkeley Cox,"{""Mystery"", ""Detective fiction""}"
158943,Vurt,Jeff Noon,"{""Science Fiction"",""Speculative fiction"", ""Fantasy"", ""Fiction""}"
159063,Fast Food Nation: The Dark Side of the All-American Meal,Eric Schlosser,"{""Non-fiction""}"
159929,The Dice Man,George Cockcroft,"{""Fiction"", ""Novel""}"
159934,The Search for the Dice Man,George Cockcroft,"{""Novel""}"
159941,Anna Karenina,Leo Tolstoy,"{""Novel""}"
159942,Adventures of Wim,George Cockcroft,"{""Comic novel"",""Speculative fiction"", ""Comedy""}"
160046,High Fidelity,Nick Hornby,"{""Fiction"", ""Novel""}"
160106,The Red House Mystery,A. A. Milne,"{""Mystery"", ""Fiction"", ""Suspense""}"
160117,"Hans Brinker, or The Silver Skates",Mary Mapes Dodge,"{""Children's literature"", ""Fiction""}"
160428,Dreamcatcher,Stephen King,"{""Speculative fiction"", ""Horror"", ""Fiction"", ""Suspense""}"
160906,Foucault's Pendulum,Umberto Eco,"{""Speculative fiction""}"
161270,Chitty Chitty Bang Bang,Ian Fleming,"{""Speculative fiction"", ""Fantasy"",""Children's literature""}"
161446,East of Eden,John Steinbeck,"{""Novel""}"
161502,The Old Man and the Sea,Ernest Hemingway,"{""Sea story"",""Children's literature"", ""Fiction"", ""Novella""}"
161697,The Children of Men,P. D. James,"{""Speculative fiction"", ""Dystopia"", ""Utopian and dystopian fiction""}"
161884,The Spy Who Came in from the Cold,John le Carré,"{""Spy fiction""}"
161903,The Heart Is a Lonely Hunter,Carson McCullers,"{""Fiction""}"
162096,The Postman,David Brin,"{""Science Fiction"", ""Apocalyptic and post-apocalyptic fiction"",""Children's literature"",""Speculative fiction"", ""Fiction""}"
162189,The Phantom of the Opera,Gaston Leroux,"{""Children's literature"", ""Horror"", ""Novel"",""Speculative fiction"", ""Romance novel"", ""Fiction"", ""Gothic fiction""}"
162770,Murder on the Orient Express,Agatha Christie,"{""Crime Fiction""}"
163234,Harry Potter and the Chamber of Secrets,J. K. Rowling,"{""Speculative fiction"", ""Fantasy"", ""Fiction""}"
163629,American Psycho,Bret Easton Ellis,"{""Satire"", ""Horror"",""Speculative fiction"", ""Suspense"", ""Fiction""}"
163678,Kalimantaan,C. S. Godshalk,"{""Speculative fiction"", ""Novel""}"
164304,Creatures of Light and Darkness,Roger Zelazny,"{""Science Fiction"",""Speculative fiction""}"
165167,My Left Foot,Christy Brown,"{""Autobiography""}"
165361,The Pearl,Gregory McElwain,"{""Fiction"", ""Novella""}"
165372,Barchester Towers,Anthony Trollope,"{""Historical fiction"", ""Fiction""}"
165667,Our Man in Havana,Graham Greene,"{""Speculative fiction"", ""Fiction"", ""Novel""}"
165769,East Wind: West Wind,Pearl S. Buck,"{""Novel""}"
167963,Treasure Island,Robert Louis Stevenson,"{""Business"",""Children's literature"", ""Adventure"", ""Adventure novel"",""Speculative fiction"", ""Young adult literature"", ""Fiction""}"
168026,Seven Brothers,Aleksis Kivi,"{""Autobiography"", ""Biography"", ""Fiction""}"
168256,Steppenwolf,Hermann Hesse,"{""Existentialism"",""Speculative fiction"", ""Fiction"",""Autobiography"", ""Novel""}"
168425,Goldfinger,Ian Fleming,"{""Spy fiction""}"
168590,Ironweed,William Kennedy,"{""Mystery"", ""Fiction""}"
168676,Small Gods,Terry Pratchett,"{""Science Fiction"",""Speculative fiction"", ""Fantasy"", ""Fiction""}"
168698,Jingo,Terry Pratchett,"{""Science Fiction"",""Speculative fiction"", ""Fantasy"", ""Fiction""}"
168729,The Pursuit of Love,Nancy Mitford,"{""Autobiography"", ""Fiction""}"
170003,Moonraker,Ian Fleming,"{""Spy fiction""}"
171648,Sophie's Choice,William Styron,"{""Novel""}"
172010,Season of the Jew,Maurice Shadbolt,"{""Novel""}"
173601,The White Plague,Frank Herbert,"{""Science Fiction"",""Speculative fiction"", ""Fiction""}"
173974,The Pilgrim's Progress,John Bunyan,"{""Speculative fiction""}"
174237,The Santaroga Barrier,Frank Herbert,"{""Science Fiction"",""Speculative fiction"", ""Fiction""}"
174523,The Anatomy of Melancholy,Robert Burton,"{""Philosophy""}"
175547,Red Storm Rising,Tom Clancy,"{""Techno-thriller"", ""Fiction"", ""Novel""}"
175656,Lady Chatterley's Lover,D. H. Lawrence,"{""Erotica"", ""Romance novel""}"
176395,The Sorrows of Young Werther,Johann Wolfgang von Goethe,"{""Epistolary novel""}"
176956,"The History of Tom Jones, a Foundling",Henry Fielding,"{""Fiction"", ""Novel""}"
177094,The Fall,Albert Camus,"{""Existentialism""}"
177375,The Man Who Fell to Earth,Walter Tevis,"{""Science Fiction"",""Speculative fiction""}"
178842,The Phantom Tollbooth,Norton Juster,"{""Children's literature"", ""Fantasy"",""Speculative fiction"", ""Fiction""}"
179860,The Hundred and One Dalmatians,Dodie Smith,"{""Children's literature"", ""Fiction""}"
180147,A Philosophical Investigation,Philip Kerr,"{""Thriller"", ""Techno-thriller"",""Speculative fiction""}"
180333,The Tortilla Curtain,T. Coraghessan Boyle,"{""Fiction"", ""Novel""}"
180441,Love in a Cold Climate,Nancy Mitford,"{""Fiction""}"
180464,The Fountainhead,Ayn Rand,"{""Fiction""}"
181163,The Last Continent,Terry Pratchett,"{""Science Fiction"",""Speculative fiction"", ""Fantasy"", ""Fiction""}"
181325,Laura Blundy,Julie Myerson,"{""Fiction"", ""Historical novel""}"
181622,Contact,Carl Sagan,"{""Science Fiction"",""Speculative fiction"",""Children's literature"", ""Fiction""}"
182128,American Gods,Neil Gaiman,"{""Science Fiction"",""Children's literature"", ""Horror"", ""Novel"",""Speculative fiction"", ""Fantasy"", ""Fiction""}"
182433,Stardust,Neil Gaiman,"{""Science Fiction"",""Speculative fiction"", ""Fantasy"", ""Fiction"", ""Novel""}"
182612,World on Fire: How Exporting Free Market Democracy Breeds Ethnic Hatred and Global Instability,Amy Chua,"{""Non-fiction""}"
183363,The Sword in the Stone,T. H. White,"{""Children's literature"", ""Fantasy"",""Speculative fiction"", ""Fiction""}"
184211,Children of the Mind,Orson Scott Card,"{""Science Fiction"",""Speculative fiction"", ""Fantasy"", ""Fiction""}"
185289,The Silver Chalice,Thomas B. Costain,"{""Historical novel""}"
185865,Slaughterhouse-Five,Kurt Vonnegut,"{""Science Fiction"", ""War novel"", ""Philosophy"",""Speculative fiction"", ""Fiction"", ""Black comedy"", ""Time travel""}"
187113,The Member of the Wedding,Carson McCullers,"{""Children's literature"", ""Fiction"", ""Novel""}"
187659,Magnificent Obsession,Lloyd C. Douglas,"{""Fiction"", ""Romance novel"", ""Novel""}"
187861,V.,Thomas Pynchon,"{""Speculative fiction"", ""Fiction"", ""Novel""}"
188071,Shogun: A Novel of Japan,James Clavell,"{""Historical fiction"", ""Fiction""}"
188341,Goodnight Moon,Margaret Wise Brown,"{""Children's literature"", ""Fiction""}"
188957,Eugene Onegin,Aleksandr Pushkin,"{""Novel"", ""Poetry"", ""Fiction""}"
189018,Elbow Room,Daniel Dennett,"{""Philosophy""}"
189288,The Adventures of Captain Underpants,Dav Pilkey,"{""Children's literature"", ""Humour""}"
189652,The Rowan,Anne McCaffrey,"{""Science Fiction"",""Speculative fiction"", ""Fantasy"", ""Fiction""}"
190089,Andromeda,Ivan Yefremov,"{""Science Fiction""}"
190309,Ecotopia,Ernest Callenbach,"{""Romance novel"", ""Science Fiction"",""Speculative fiction"", ""Fiction"", ""Utopian and dystopian fiction""}"
190433,The Bad Seed,William March,"{""Horror"", ""Novel""}"
191173,"Life, the Universe and Everything",Douglas Adams,"{""Science Fiction"",""Speculative fiction"", ""Fantasy"", ""Fiction"", ""Humour"", ""Comic science fiction""}"
191753,The Adventures of Tom Sawyer,Mark Twain,"{""Children's literature"", ""Reference"", ""Fiction"", ""Bildungsroman""}"
193041,Pebble in the Sky,Isaac Asimov,"{""Science Fiction"",""Speculative fiction"", ""Fiction""}"
193230,Dred: A Tale of the Great Dismal Swamp,Harriet Beecher Stowe,"{""Novel""}"
193850,Raintree County,"Ross Lockridge, Jr.","{""Fiction""}"
194869,The Tenant of Wildfell Hall,Anne Brontë,"{""Epistolary novel"", ""Novel""}"
196963,Ender's Shadow,Orson Scott Card,"{""Science Fiction"",""Speculative fiction""}"
198011,Cards on the Table,Agatha Christie,"{""Crime Fiction"",""Mystery"",""Children's literature"", ""Fiction"", ""Suspense""}"
198494,The Gambler,Fyodor Dostoyevsky,"{""Novel""}"
199525,The Bell Jar,Sylvia Plath,"{""Autobiographical novel"",""Autobiography"",""Children's literature"", ""Fiction"", ""Roman""}"
199780,Democracy in America,Alexis de Tocqueville,"{""Non-fiction""}"
200493,A Solitary Grief,Bernice Rubens,"{""Fiction""}"
200701,Xenocide,Orson Scott Card,"{""Science Fiction"",""Speculative fiction"", ""Fantasy"", ""Fiction""}"
201129,Sourcery,Terry Pratchett,"{""Science Fiction"",""Speculative fiction"", ""Fantasy"", ""Fiction""}"
201227,It Can't Happen Here,Sinclair Lewis,"{""Science Fiction"", ""Dystopia""}"
201439,My Brilliant Career,Miles Franklin,"{""Roman"",""Autobiography"", ""Biography"", ""Novel"", ""Fiction""}"
202147,Fanny Hill,John Cleland,"{""Fiction""}"
202349,The Restaurant at the End of the Universe,Douglas Adams,"{""Science Fiction"",""Speculative fiction"", ""Fiction"", ""Comic science fiction"", ""Humour""}"
203718,The Rebel Angels,Robertson Davies,"{""Speculative fiction"", ""Fiction"", ""Novel""}"
204232,Macrolife,George Zebrowski,"{""Science Fiction"",""Speculative fiction""}"
204817,Heidi,Johanna Spyri,"{""Children's literature""}"
205004,That Hideous Strength,C. S. Lewis,"{""Science Fiction"",""Speculative fiction"", ""Fantasy"", ""Fiction"", ""Dystopia""}"
205766,The Heart of the Matter,Graham Greene,"{""Speculative fiction"", ""Fiction""}"
205767,The Legacy of Heorot,Steven Barnes,"{""Science Fiction"",""Speculative fiction"", ""Fantasy"", ""Fiction""}"
205802,VALIS,Philip K. Dick,"{""Science Fiction"",""Speculative fiction"", ""Fantasy"", ""Fiction""}"
207945,Critique of Dialectical Reason,Jean-Paul Sartre,"{""Philosophy""}"
210455,The Velveteen Rabbit,Margery Williams,"{""Speculative fiction"",""Children's literature"", ""Fiction""}"
210518,Executive Orders,Tom Clancy,"{""Thriller"", ""Novel"", ""Fiction"", ""Suspense""}"
212444,Tell England,Ernest Raymond,"{""Fiction""}"
213055,The Woman Who Did,Grant Allen,"{""Fiction"", ""Romance novel""}"
213406,Au Bonheur des Dames,Émile Zola,"{""Novel""}"
214133,Brideshead Revisited,Evelyn Waugh,"{""Fiction""}"
214301,The Collector,John Fowles,"{""Thriller"", ""Horror""}"
214558,King Solomon's Carpet,Ruth Rendell,"{""Crime Fiction"",""Mystery""}"
215316,Planet of the Apes,Pierre Boulle,"{""Science Fiction"",""Speculative fiction"", ""Fantasy"", ""Fiction"", ""Dystopia""}"
216311,The Small House at Allington,Anthony Trollope,"{""Historical fiction"", ""Fiction"", ""Romance novel""}"
216750,Framley Parsonage,Anthony Trollope,"{""Historical fiction"", ""Fiction"", ""Romance novel""}"
217046,The Three Musketeers,Alexandre Dumas,"{""Speculative fiction"", ""Fiction"", ""Historical novel""}"
217142,The Strange Case of Dr Jekyll and Mr Hyde,Robert Louis Stevenson,"{""Science Fiction"",""Children's literature"", ""Horror"",""Speculative fiction"", ""Fantasy"", ""Fiction""}"
217444,Eminent Victorians,Lytton Strachey,"{""Autobiography"", ""Biography"", ""Reference""}"
217769,The Prime of Miss Jean Brodie,Muriel Spark,"{""Fiction""}"
218675,Death in the Clouds,Agatha Christie,"{""Crime Fiction"",""Mystery"", ""Fiction"", ""Suspense""}"
218875,The Mysterious Affair at Styles,Agatha Christie,"{""Crime Fiction"",""Mystery"", ""Reference"", ""Fiction"", ""Suspense""}"
219019,Sweep,Cate Tiernan,"{""Fantasy"", ""Young adult literature"", ""Fiction""}"
220116,The Invincible,Stanisław Lem,"{""Science Fiction"",""Speculative fiction""}"
220272,Mrs Dalloway,Virginia Woolf,"{""Fiction"", ""Novel""}"
221714,Battle Royale,Koushun Takami,"{""Thriller"", ""Alternate history"",""Speculative fiction"", ""Dystopia"", ""Utopian and dystopian fiction""}"
221840,Crooked House,Agatha Christie,"{""Crime Fiction"",""Mystery"",""Children's literature"", ""Fiction"", ""Suspense""}"
224500,A Study in Scarlet,Arthur Conan Doyle,"{""Crime Fiction"",""Mystery"", ""Detective fiction"", ""Novel""}"
224524,Phineas Finn,Anthony Trollope,"{""Fiction"", ""Picaresque novel""}"
224528,Cranford,Elizabeth Gaskell,"{""Fiction""}"
225464,Travels with My Aunt,Graham Greene,"{""Speculative fiction"", ""Fiction"", ""Novel""}"
225536,Ann Veronica,H. G. Wells,"{""Science Fiction"", ""Fiction"", ""Novel""}"
225762,Little Lord Fauntleroy,Frances Hodgson Burnett,"{""Historical fiction"",""Children's literature"", ""Fiction""}"
227520,Humphry Clinker,Tobias Smollett,"{""Epistolary novel"", ""Novel"", ""Picaresque novel""}"
228520,The Lover,Marguerite Duras,"{""Autobiographical novel""}"
228736,Lorna Doone,R. D. Blackmore,"{""Children's literature"", ""Fiction"", ""Romance novel""}"
229593,The Sound and the Fury,William Faulkner,"{""Gothic fiction"",""Children's literature"", ""Fiction""}"
230016,Phineas Redux,Anthony Trollope,"{""Fiction"", ""Romance novel"", ""Picaresque novel""}"
230019,Daniel Deronda,George Eliot,"{""Fiction"", ""Novel""}"
230089,Nine Princes in Amber,Roger Zelazny,"{""Speculative fiction"", ""Fantasy""}"
230092,The Guns of Avalon,Roger Zelazny,"{""Speculative fiction"", ""Fantasy""}"
230094,Sign of the Unicorn,Roger Zelazny,"{""Speculative fiction"", ""Fantasy""}"
230095,The Hand of Oberon,Roger Zelazny,"{""Speculative fiction"", ""Fantasy""}"
230096,The Courts of Chaos,Roger Zelazny,"{""Speculative fiction"", ""Fantasy""}"
231292,Roadmarks,Roger Zelazny,"{""Science Fiction"",""Speculative fiction""}"
231295,Lord of Light,Roger Zelazny,"{""Science Fiction"",""Speculative fiction"", ""Fantasy"", ""Novel""}"
231716,The BFG,Roald Dahl,"{""Children's literature"", ""Fantasy"",""Speculative fiction"", ""Fiction""}"
231759,The Tommyknockers,Stephen King,"{""Science Fiction"",""Children's literature"", ""Horror"",""Speculative fiction"", ""Fiction""}"
232367,Journey to the West,Wu Cheng'en,"{""Fiction""}"
232392,253,Geoff Ryman,"{""Science Fiction"",""Speculative fiction"", ""Fiction""}"
233084,Trainspotting,Irvine Welsh,"{""Travel"",""Speculative fiction"", ""Fiction"", ""Novel""}"
233097,The Eustace Diamonds,Anthony Trollope,"{""Fiction""}"
233098,Anna of the Five Towns,Arnold Bennett,"{""Historical fiction"", ""Fiction"", ""Romance novel"", ""Novel""}"
234280,Laughing Gas,P. G. Wodehouse,"{""Comic novel"", ""Fiction""}"
234527,Anthem,Ayn Rand,"{""Psychology"", ""Science Fiction"",""Speculative fiction"", ""Fiction"", ""Dystopia""}"
234555,We,Yevgeny Zamyatin,"{""Science Fiction"",""Speculative fiction"", ""Dystopia"", ""Utopian and dystopian fiction""}"
235094,Without Remorse,Tom Clancy,"{""Thriller"",""Mystery"", ""Novel"", ""Fiction"", ""Suspense""}"
236569,The Black Tulip,Alexandre Dumas,"{""History"",""Chivalric romance"", ""Romance novel"", ""Historical novel""}"
236599,Cujo,Stephen King,"{""Children's literature"", ""Horror"",""Speculative fiction"", ""Suspense"", ""Fiction""}"
237140,More Joy in Heaven,Morley Callaghan,"{""Fiction"", ""Novel""}"
238534,Lonesome Dove,Larry McMurtry,"{""Fiction"", ""Novel""}"
238820,Warring States,Mags L Halliday,"{""Science Fiction"",""Speculative fiction""}"
239007,The Practice Effect,David Brin,"{""Speculative fiction""}"
239158,The British Museum Is Falling Down,David Lodge,"{""Comic novel"", ""Fiction""}"
239433,The History Man,Malcolm Bradbury,"{""Fiction"", ""Novel""}"
240335,The Turn of the Screw,Henry James,"{""Horror"", ""Fiction"", ""Novella""}"
240384,The French Lieutenant's Woman,John Fowles,"{""Historical fiction"", ""Romance novel""}"
241025,Shadow of the Hegemon,Orson Scott Card,"{""Science Fiction"",""Speculative fiction"", ""Fiction""}"
241855,Fantastic Beasts and Where to Find Them,J. K. Rowling,"{""Speculative fiction""}"
241961,My Family and Other Animals,Gerald Durrell,"{""Drama""}"
242128,Prince Caspian,C. S. Lewis,"{""Speculative fiction"", ""Fantasy"",""Children's literature""}"
242130,"The Lion, the Witch and the Wardrobe",C. S. Lewis,"{""Speculative fiction"", ""Fantasy"",""Children's literature""}"
242555,Primary Colors,Joe Klein,"{""Fiction""}"
243069,The Murder of Roger Ackroyd,Agatha Christie,"{""Crime Fiction"",""Mystery"",""Children's literature"", ""Fiction"", ""Suspense""}"
243087,The A.B.C. Murders,Agatha Christie,"{""Crime Fiction"",""Mystery"",""Children's literature"", ""Fiction""}"
244205,The Futurological Congress,Stanisław Lem,"{""Science Fiction""}"
244486,Angela's Ashes,Frank McCourt,"{""Biography"",""Memoir""}"
244497,Oscar and Lucinda,Peter Carey,"{""Historical fiction"", ""Fiction"", ""Novel""}"
245137,From the Earth to the Moon,Jules Verne,"{""Science Fiction"",""Speculative fiction"", ""Novel"", ""Scientific romance""}"
245395,Underworld,Don DeLillo,"{""Fiction"", ""Novel""}"
247964,Ethan of Athos,Lois McMaster Bujold,"{""Science Fiction"",""Speculative fiction"", ""Fiction""}"
248364,The Blind Assassin,Margaret Atwood,"{""Fiction""}"
249452,Red Harvest,Dashiell Hammett,"{""Mystery"", ""Detective fiction"", ""Fiction"", ""Suspense""}"
249894,Who Moved My Cheese? An Amazing Way to Deal with Change in Your Work and in Your Life,Spencer Johnson,"{""Fiction""}"
250478,Lord Edgware Dies,Agatha Christie,"{""Crime Fiction"",""Mystery"",""Children's literature"", ""Fiction"", ""Suspense""}"
251099,Captain Corelli's Mandolin,Louis de Bernières,"{""War novel"", ""Romance novel"", ""Historical novel""}"
251355,The Hotel New Hampshire,John Irving,"{""Romance novel""}"
252852,The Bridge,Iain Banks,"{""Novel""}"
253225,Dhalgren,Samuel R. Delany,"{""Science Fiction"",""Speculative fiction"", ""Fiction""}"
254498,Harry Potter and the Prisoner of Azkaban,J. K. Rowling,"{""Fantasy"",""Speculative fiction"", ""Young adult literature"", ""Fiction""}"
254652,Cold Comfort Farm,Stella Gibbons,"{""Science Fiction"", ""Satire"", ""Novel"", ""Fiction"", ""Comedy""}"
255406,Hatter's Castle,A. J. Cronin,"{""Novel""}"
256075,Effi Briest,Theodor Fontane,"{""Fiction"", ""Novel""}"
256424,Article 23,William R. Forstchen,"{""Science Fiction"",""Speculative fiction"", ""Fiction"", ""Novel""}"
256471,The Day of the Jackal,Frederick Forsyth,"{""Thriller"", ""Spy fiction"", ""Fiction"", ""Suspense"", ""Historical novel""}"
259128,Harry Potter and the Goblet of Fire,J. K. Rowling,"{""Speculative fiction""}"
261876,A Presumption of Death,Jill Paton Walsh,"{""Crime Fiction"",""Mystery"", ""Fiction"", ""Suspense""}"
262637,A Tenured Professor,John Kenneth Galbraith,"{""Satire""}"
262839,Trumps of Doom,Roger Zelazny,"{""Speculative fiction"", ""Fantasy""}"
263009,Dream of the Red Chamber,Tsao Hsueh-Chin,"{""Novel""}"
263527,We Wish to Inform You That Tomorrow We Will Be Killed with Our Families: Stories from Rwanda,Philip Gourevitch,"{""Non-fiction""}"
264104,The Haunted Mask,R. L. Stine,"{""Children's literature"", ""Horror"",""Speculative fiction"", ""Fiction""}"
265114,Naked Lunch,William S. Burroughs,"{""Speculative fiction"", ""Novel""}"
265667,Pattern Recognition,William Gibson,"{""Science Fiction"",""Speculative fiction""}"
267083,A Gift Upon the Shore,M. K. Wren,"{""Speculative fiction"", ""Novel""}"
267088,The Chrysalids,John Wyndham,"{""Science Fiction"",""Speculative fiction"", ""Fiction""}"
267785,Who Goes There?,John W. Campbell,"{""Science Fiction"",""Speculative fiction""}"
269878,Blood of Amber,Roger Zelazny,"{""Speculative fiction"", ""Fantasy""}"
269881,Sign of Chaos,Roger Zelazny,"{""Speculative fiction"", ""Fantasy""}"
269891,Porno,Irvine Welsh,"{""Fiction"", ""Novel""}"
269893,Prince of Chaos,Roger Zelazny,"{""Speculative fiction"", ""Fantasy""}"
271158,The Love of the Last Tycoon,F. Scott Fitzgerald,"{""Fiction"", ""Novel""}"
271163,Save Me the Waltz,Zelda Fitzgerald,"{""Fiction"", ""Novel""}"
271590,It,Stephen King,"{""Speculative fiction"", ""Horror""}"
272241,The Amazing Maurice and His Educated Rodents,Terry Pratchett,"{""Speculative fiction"", ""Fantasy"",""Children's literature""}"
272323,Permutation City,Greg Egan,"{""Science Fiction"",""Speculative fiction"", ""Transhumanism""}"
272678,Quidditch Through the Ages,J. K. Rowling,"{""Speculative fiction""}"
275025,The Wee Free Men,Terry Pratchett,"{""Speculative fiction"",""Children's literature"", ""Fiction""}"
275376,Strata,Terry Pratchett,"{""Science Fiction"",""Speculative fiction"", ""Fantasy"", ""Comedy"", ""Fiction""}"
275377,The Dark Side of the Sun,Terry Pratchett,"{""Science Fiction"",""Speculative fiction"", ""Fantasy"", ""Fiction""}"
275384,Soul Music,Terry Pratchett,"{""Music"", ""Science Fiction"",""Speculative fiction"", ""Fantasy"", ""Fiction""}"
275414,Bluebeard,Kurt Vonnegut,"{""Speculative fiction"", ""Fiction"", ""Novel""}"
276145,Thunderball,Ian Fleming,"{""Thriller"", ""Spy fiction""}"
277696,The Scarlet Letter,Nathaniel Hawthorne,"{""Children's literature"", ""Reference"", ""Novel"", ""Romance novel"", ""Fiction"", ""Historical novel""}"
280291,The G-String Murders,Craig Rice,"{""Mystery"", ""Detective fiction"", ""Fiction""}"
286379,Mrs Craddock,W. Somerset Maugham,"{""Fiction"", ""Romance novel"", ""Novel""}"
286833,Hideous Kinky,Esther Freud,"{""Autobiography"", ""Fiction"", ""Novel""}"
287085,Myra Breckinridge,Gore Vidal,"{""Satire"", ""Novel""}"
287393,Operation Shylock: A Confession,Philip Roth,"{""Fiction""}"
287638,Virginia,Ellen Glasgow,"{""Novel""}"
288076,You Only Live Twice,Ian Fleming,"{""Spy fiction""}"
288153,The Stand,Stephen King,"{""Science Fiction"",""Children's literature"", ""Horror"", ""Novel"",""Speculative fiction"", ""Apocalyptic and post-apocalyptic fiction"", ""Fiction""}"
289586,The Man with the Golden Gun,Ian Fleming,"{""Spy fiction""}"
290207,Who Censored Roger Rabbit?,Gary Wolf,"{""Mystery"",""Speculative fiction""}"
290765,The Magic School Bus at the Waterworks,Joanna Cole,"{""Children's literature"", ""Science""}"
290832,The Magic School Bus Lost in the Solar System,Joanna Cole,"{""Speculative fiction"",""Children's literature""}"
291324,The Ugly Duckling,Hans Christian Andersen,"{""Children's literature"", ""Fiction""}"
292192,Things My Girlfriend and I Have Argued About,Mil Millington,"{""Novel""}"
292254,Ring for Jeeves,P. G. Wodehouse,"{""Fiction"", ""Humour""}"
295393,The Lazarus Effect,Bill Ransom,"{""Science Fiction"",""Speculative fiction""}"
296043,Oblomov,Ivan Goncharov,"{""Fiction""}"
296644,Diaspora,Greg Egan,"{""Science Fiction"", ""Transhumanism"", ""Novel"", ""Hard science fiction"",""Speculative fiction"", ""Fantasy"", ""Fiction""}"
296653,Schild's Ladder,Greg Egan,"{""Science Fiction"",""Speculative fiction""}"
296834,Murder on the Links,Agatha Christie,"{""Crime Fiction"",""Mystery"",""Children's literature"", ""Fiction"", ""Suspense""}"
297239,The Hero with a Thousand Faces,Joseph Campbell,"{""Psychology"", ""Fiction"", ""Philosophy"", ""Sociology""}"
299323,The Years of Rice and Salt,Kim Stanley Robinson,"{""Alternate history"", ""Science Fiction"",""Speculative fiction"", ""Novel""}"
299543,The Fourth Protocol,Frederick Forsyth,"{""Thriller"", ""Fiction"", ""Novel""}"
300390,Artemis Fowl: The Eternity Code,Eoin Colfer,"{""Children's literature"", ""Fantasy""}"
301064,The Little Mermaid,Hans Christian Andersen,"{""Children's literature"", ""Fiction"", ""Sociology""}"
301587,The Gods Themselves,Isaac Asimov,"{""Science Fiction"",""Speculative fiction"", ""Fantasy"", ""Fiction"", ""Novel""}"
302301,Charlotte's Web,E. B. White,"{""Speculative fiction"",""Children's literature""}"
302997,Howl's Moving Castle,Diana Wynne Jones,"{""Fantasy"",""Speculative fiction"", ""Young adult literature""}"
303045,Joy,Marsha A. Hunt,"{""Novel""}"
303439,Breakfast of Champions,Kurt Vonnegut,"{""Science Fiction"",""Speculative fiction"", ""Fiction"", ""Novel""}"
303465,Mother Night,Kurt Vonnegut,"{""Science Fiction"",""Speculative fiction"", ""Fiction"", ""Novel""}"
305084,Freedom Evolves,Daniel Dennett,"{""Non-fiction""}"
305160,Rainbow Six,Tom Clancy,"{""Thriller"", ""Fiction"", ""Novel""}"
305372,Jasmine,Bharati Mukherjee,"{""Fiction"", ""Novel""}"
305504,Far from the Madding Crowd,Thomas Hardy,"{""Novel""}"
306191,Vineland,Thomas Pynchon,"{""Speculative fiction"", ""Fiction"", ""Novel""}"
306344,Hallowe'en Party,Agatha Christie,"{""Crime Fiction""}"
306530,Empire of the Sun,J. G. Ballard,"{""Autobiographical novel"", ""Historical fiction"", ""Fiction"", ""War novel""}"
306554,Lies and the Lying Liars Who Tell Them,Al Franken,"{""Fiction"", ""Humour""}"
308659,Three Comrades,Erich Maria Remarque,"{""War novel"", ""Novel""}"
309081,The Forever War,Joe Haldeman,"{""Science Fiction"",""Speculative fiction""}"
309323,"Bambi, A Life in the Woods",Felix Salten,"{""Children's literature"", ""Fiction""}"
309408,Robots and Empire,Isaac Asimov,"{""Science Fiction"",""Speculative fiction"", ""Fiction""}"
309409,Foundation,Isaac Asimov,"{""Science Fiction"",""Speculative fiction"",""Children's literature"", ""Fiction"", ""Novel""}"
309433,Second Foundation,Isaac Asimov,"{""Science Fiction"",""Speculative fiction"",""Children's literature"", ""Fiction""}"
310625,The Vicomte de Bragelonne,Alexandre Dumas,"{""History""}"
310640,Twenty Years After,Alexandre Dumas,"{""Historical novel""}"
310660,Logan's Run,William F. Nolan,"{""Science Fiction"",""Speculative fiction"", ""Dystopia""}"
311477,Girlfriend in a Coma,Douglas Coupland,"{""Fiction"", ""Novel""}"
313191,The Sparrow,Mary Doria Russell,"{""Science Fiction"",""Speculative fiction"", ""Fiction""}"
314203,Red Rabbit,Tom Clancy,"{""Thriller"", ""Fiction"", ""Suspense""}"
314793,Family Matters,Rohinton Mistry,"{""Fiction"", ""Novel""}"
315122,Sartoris,William Faulkner,"{""Novel""}"
315188,Babbitt,Sinclair Lewis,"{""Satire"", ""Fiction"", ""Novel""}"
315418,Amerika,Franz Kafka,"{""Speculative fiction"", ""Fiction"", ""Novel""}"
315900,The Farthest Shore,Ursula K. Le Guin,"{""Science Fiction"",""Children's literature"",""Speculative fiction"", ""Fantasy"", ""Fiction"", ""Bildungsroman""}"
317002,The Quiet American,Graham Greene,"{""Speculative fiction"", ""Fiction"", ""War novel""}"
317137,Noli Me Tangere,José Rizal,"{""Satire"", ""Novel""}"
317733,Feet of Clay,Terry Pratchett,"{""Science Fiction"",""Speculative fiction"", ""Fantasy"", ""Fiction""}"
317934,The Cask of Amontillado,Edgar Allan Poe,"{""Horror"", ""Short story""}"
318225,Thursbitch,Alan Garner,"{""Speculative fiction"", ""Fantasy""}"
318747,Ripley's Game,Patricia Highsmith,"{""Crime Fiction"",""Mystery""}"
318820,An American Tragedy,Theodore Dreiser,"{""Crime Fiction"", ""Fiction""}"
319373,General Theory of Employment Interest and Money,John Maynard Keynes,"{""Business"", ""Economics"", ""Fiction"",""Non-fiction""}"
319805,Tintin in America,Hergé,"{""Comic book""}"
320387,Christine,Stephen King,"{""Speculative fiction"", ""Horror""}"
320809,Nova Express,William S. Burroughs,"{""Science Fiction"",""Speculative fiction""}"
321358,Katar,Stanisław Lem,"{""Science Fiction"",""Speculative fiction""}"
321363,Fiasco,Stanisław Lem,"{""Science Fiction"",""Speculative fiction""}"
322301,As I Lay Dying,William Faulkner,"{""Black comedy"", ""Fiction"", ""Novel""}"
323063,The God of Small Things,Arundhati Roy,"{""Fiction"", ""Novel""}"
327121,Quicksilver,Neal Stephenson,"{""Science Fiction"",""Speculative fiction"", ""Fiction"", ""Historical novel""}"
328357,The Other Wind,Ursula K. Le Guin,"{""Science Fiction"",""Children's literature"", ""Horror"",""Speculative fiction"", ""Fantasy"", ""Fiction""}"
328689,The Colour of Magic,Terry Pratchett,"{""Science Fiction"",""Speculative fiction"", ""Fantasy"", ""Fiction""}"
328691,The Light Fantastic,Terry Pratchett,"{""Science Fiction"",""Speculative fiction"", ""Fantasy"", ""Fiction"", ""Suspense""}"
328965,Children of the Atom,Wilmar H. Shiras,"{""Science Fiction""}"
329145,True Names,Vernor Vinge,"{""Science Fiction"", ""Fantasy"", ""Fiction""}"
329756,The Postman Always Rings Twice,James M. Cain,"{""Crime Fiction"",""Mystery"", ""Fiction"", ""Suspense""}"
330523,Siddhartha,Hermann Hesse,"{""Speculative fiction"", ""Fiction""}"
331675,Foundation and Empire,Isaac Asimov,"{""Science Fiction"",""Speculative fiction"", ""Fiction"", ""Novel""}"
331778,Equal Rites,Terry Pratchett,"{""Science Fiction"",""Speculative fiction"", ""Fantasy"", ""Fiction""}"
331967,Guards! Guards!,Terry Pratchett,"{""Science Fiction"",""Speculative fiction"", ""Fantasy"", ""Comedy"", ""Fiction""}"
332043,Pyramids,Terry Pratchett,"{""Science Fiction"",""Speculative fiction"", ""Fantasy"", ""Fiction""}"
333495,The Monkey's Paw,W. W. Jacobs,"{""Speculative fiction""}"
333987,The Master and Margarita,Mikhail Bulgakov,"{""Novel"", ""Satire"",""Speculative fiction"", ""Romance novel"", ""Farce""}"
335534,Disgrace,John Maxwell Coetzee,"{""Novel""}"
336499,The Lords of Discipline,Pat Conroy,"{""Fiction"", ""Roman""}"
337252,Out of the Silent Planet,C. S. Lewis,"{""Science Fiction"",""Speculative fiction"", ""Fiction""}"
338090,Eric,Terry Pratchett,"{""Science Fiction"",""Children's literature"", ""Fantasy"",""Speculative fiction"", ""Fiction""}"
338183,The Sirens of Titan,Kurt Vonnegut,"{""Black comedy"", ""Science Fiction"",""Speculative fiction"", ""Fantasy"", ""Fiction""}"
338274,Mila 18,Leon Uris,"{""Science Fiction"", ""Fantasy"", ""Fiction""}"
338872,Freaky Friday,Mary Rodgers,"{""Children's literature"", ""Young adult literature"",""Speculative fiction"", ""Fiction"", ""Comedy""}"
338949,How Few Remain,Harry Turtledove,"{""Alternate history"", ""Science Fiction"",""Speculative fiction""}"
339133,Perelandra,C. S. Lewis,"{""Science Fiction"",""Speculative fiction"", ""Fiction""}"
339810,Teranesia,Greg Egan,"{""Science Fiction"",""Speculative fiction"", ""Fiction""}"
340909,On the Road,Jack Kerouac,"{""Roman"", ""Novel"", ""Fiction""}"
341263,Vernon God Little,D. B. C. Pierre,"{""Fiction""}"
341357,The Last Hero,Terry Pratchett,"{""Science Fiction"",""Speculative fiction"", ""Fantasy"", ""Fiction""}"
342495,Vile Bodies,Evelyn Waugh,"{""Fiction"", ""Novel""}"
342518,Gilgamesh the King,Robert Silverberg,"{""Speculative fiction"", ""Fantasy""}"
342524,Roma Eterna,Robert Silverberg,"{""Alternate history"", ""Science Fiction"",""Speculative fiction"", ""Historical fiction"", ""Fiction""}"
343425,The Emerald City of Oz,L. Frank Baum,"{""Speculative fiction"", ""Fantasy"",""Children's literature""}"
344101,A Door Into Ocean,Joan Slonczewski,"{""Science Fiction"",""Speculative fiction"", ""Fiction""}"
344267,The Robber Bride,Margaret Atwood,"{""Speculative fiction"", ""Fiction"", ""Novel""}"
344570,The Day of the Locust,Nathanael West,"{""Fiction"", ""Novel""}"
344833,On Her Majesty's Secret Service,Ian Fleming,"{""Spy fiction""}"
345005,The Mote in God's Eye,Jerry Pournelle,"{""Science Fiction"",""Speculative fiction"", ""Novel""}"
347822,Persuasion,Jane Austen,"{""Novel"",""Children's literature"", ""Suspense"", ""Romance novel"", ""Fiction""}"
348200,Stand on Zanzibar,John Brunner,"{""Science Fiction"",""Speculative fiction"", ""Novel"", ""Dystopia""}"
348415,Rubyfruit Jungle,Rita Mae Brown,"{""Fiction"", ""Novel""}"
348697,Fallen Dragon,Peter F. Hamilton,"{""Science Fiction"",""Speculative fiction""}"
349114,Maus,Art Spiegelman,"{""Autobiography"", ""Biography""}"
349537,The Sea-Wolf,Jack London,"{""Children's literature"", ""Fiction"", ""Adventure novel"", ""Suspense""}"
349907,Count Zero,William Gibson,"{""Cyberpunk"", ""Science Fiction"",""Speculative fiction"", ""Dystopia""}"
349909,Mona Lisa Overdrive,William Gibson,"{""Cyberpunk"", ""Science Fiction"",""Speculative fiction"", ""Novel"", ""Dystopia""}"
350754,Tehanu,Ursula K. Le Guin,"{""Science Fiction"",""Children's literature"", ""Fantasy"",""Speculative fiction"", ""Fiction""}"
351047,The Missionary Position,Christopher Hitchens,"{""Biography""}"
352250,The Plague Dogs,Richard Adams,"{""Speculative fiction"", ""Fantasy"", ""Fiction""}"
352521,Moll Flanders,Daniel Defoe,"{""Novel"", ""Fantasy"", ""Fiction"", ""Suspense""}"
352823,Diary of an Ordinary Woman,Margaret Forster,"{""Novel""}"
353198,The Road to Oz,L. Frank Baum,"{""Speculative fiction"", ""Fantasy"",""Children's literature""}"
353210,The Last Battle,C. S. Lewis,"{""Speculative fiction"", ""Fantasy"",""Children's literature""}"
353714,After the Funeral,Agatha Christie,"{""Crime Fiction"",""Mystery"",""Children's literature"", ""Fiction"", ""Suspense""}"
354398,She: A History of Adventure,H. Rider Haggard,"{""Adventure novel"",""Speculative fiction"", ""Romance novel"", ""Fantasy"", ""Fiction"", ""Gothic fiction"",""Chivalric romance""}"
354422,Burmese Days,George Orwell,"{""Fiction"", ""Novel""}"
354429,A Clergyman's Daughter,George Orwell,"{""Novel""}"
355167,Star Maker,Olaf Stapledon,"{""Scientific romance"", ""Science Fiction"",""Speculative fiction"", ""Novel"", ""Fiction""}"
355413,Player Piano,Kurt Vonnegut,"{""Science Fiction"",""Speculative fiction"", ""Dystopia""}"
355688,The Loved One,Evelyn Waugh,"{""Satire"", ""Fiction"", ""Novel""}"
355869,A Town Like Alice,Nevil Shute,"{""Fiction""}"
356670,We the Living,Ayn Rand,"{""Autobiographical novel"", ""Historical fiction"", ""Fiction""}"
358057,When Harlie Was One,David Gerrold,"{""Science Fiction"",""Speculative fiction"", ""Fiction""}"
358335,The Call of the Wild,Jack London,"{""Children's literature"", ""Adventure"", ""Adventure novel"",""Speculative fiction"", ""Fiction"", ""Historical fiction""}"
358542,The Soft Machine,William S. Burroughs,"{""Speculative fiction"", ""Novel""}"
358867,Caddie Woodlawn,Carol Ryrie Brink,"{""Children's literature"", ""Fiction""}"
360245,The Sun Also Rises,Ernest Hemingway,"{""Roman"",""Children's literature"", ""Novel"", ""Fiction""}"
360837,Germinal,Émile Zola,"{""Novel""}"
361113,Les Liaisons dangereuses,Pierre Choderlos de Laclos,"{""Epistolary novel""}"
362804,The First Circle,Aleksandr Solzhenitsyn,"{""Fiction"", ""Novel""}"
362887,Death Be Not Proud,John Gunther,"{""Non-fiction"",""Memoir""}"
364499,The Golden Age,John C. Wright,"{""Hard science fiction"", ""Science Fiction"",""Speculative fiction""}"
364618,The Good Soldier Švejk,Jaroslav Hašek,"{""Black comedy"", ""Satire"", ""Novel""}"
365182,Singularity Sky,Charles Stross,"{""Science Fiction"",""Speculative fiction"", ""Novel""}"
365537,The Marvelous Land of Oz,L. Frank Baum,"{""Speculative fiction"",""Children's literature""}"
366534,Ozma of Oz,L. Frank Baum,"{""Speculative fiction"", ""Fantasy"",""Children's literature""}"
367519,Prey,Michael Crichton,"{""Science Fiction"",""Speculative fiction"", ""Techno-thriller"",""Mystery"", ""Suspense"", ""Fiction""}"
367574,The Tin Woodman of Oz,L. Frank Baum,"{""Speculative fiction"", ""Fantasy"",""Children's literature""}"
369457,Rocannon's World,Ursula K. Le Guin,"{""Science Fiction"",""Speculative fiction""}"
370203,Always Coming Home,Ursula K. Le Guin,"{""Science Fiction"",""Speculative fiction"", ""Fantasy"", ""Fiction""}"
370284,The Last of the Mohicans,James Fenimore Cooper,"{""Historical novel""}"
371520,Dorothy and the Wizard in Oz,L. Frank Baum,"{""Speculative fiction"", ""Fantasy"",""Children's literature""}"
371532,Forward the Foundation,Isaac Asimov,"{""Science Fiction"",""Speculative fiction"", ""Fiction""}"
373170,Ramona,Helen Hunt Jackson,"{""Children's literature"", ""Fiction"", ""Novel""}"
373555,Tik-Tok of Oz,L. Frank Baum,"{""Speculative fiction"", ""Fantasy"",""Children's literature""}"
373711,The Truce at Bakura,Kathy Tyers,"{""Science Fiction"",""Speculative fiction"", ""Fiction""}"
374708,The Scarecrow of Oz,L. Frank Baum,"{""Speculative fiction"", ""Fantasy"",""Children's literature""}"
374767,The Genius and the Goddess,Aldous Huxley,"{""Romance novel""}"
374803,Balance Point,Kathy Tyers,"{""Science Fiction"",""Speculative fiction"", ""Fantasy""}"
374924,The Old Capital,Yasunari Kawabata,"{""Novel""}"
375035,Destiny's Way,Walter Jon Williams,"{""Science Fiction"",""Speculative fiction""}"
375354,Timequake,Kurt Vonnegut,"{""Autobiographical novel"", ""Time travel"",""Speculative fiction""}"
375359,The Neverending Story,Michael Ende,"{""Science Fiction"",""Children's literature"", ""Fantasy"",""Speculative fiction"", ""Fiction""}"
376862,The Chosen,Chaim Potok,"{""Speculative fiction"",""Children's literature"", ""Fiction"", ""Novel""}"
376954,The Campus Murders,Gil Brewer,"{""Mystery"", ""Detective fiction""}"
377945,Rinkitink in Oz,L. Frank Baum,"{""Speculative fiction"", ""Fantasy"",""Children's literature""}"
378447,Arrowsmith,Sinclair Lewis,"{""Fiction"", ""Novel""}"
379178,The Lost Princess of Oz,L. Frank Baum,"{""Speculative fiction"", ""Fantasy"",""Children's literature""}"
380013,The Time Ships,Stephen Baxter,"{""Science Fiction"", ""Novel"", ""Alternate history"",""Speculative fiction"", ""Fiction"", ""Time travel""}"
380015,Evolution,Stephen Baxter,"{""Science Fiction"",""Speculative fiction"", ""Fantasy""}"
380143,Black Beauty,Anna Sewell,"{""Children's literature"", ""Fiction"", ""Novel""}"
381378,A Visit from St. Nicholas,Clement Clarke Moore,"{""Children's literature""}"
381411,Vector Prime,Robert Anthony Salvatore,"{""Science Fiction"",""Speculative fiction""}"
381491,The Thorn Birds,Colleen McCullough,"{""Children's literature"", ""Fiction"", ""Romance novel"", ""Novel""}"
382115,The Magic of Oz,L. Frank Baum,"{""Speculative fiction"", ""Fantasy"",""Children's literature""}"
382176,Charlie and the Great Glass Elevator,Roald Dahl,"{""Science Fiction"",""Children's literature"", ""Fantasy"",""Speculative fiction"", ""Fiction""}"
383912,The Inheritors,Ford Madox Ford,"{""Novel"", ""Science Fiction"",""Speculative fiction"", ""Poetry"", ""Fiction""}"
384072,Moving Pictures,Terry Pratchett,"{""Science Fiction"",""Speculative fiction"", ""Fantasy"", ""Fiction""}"
384688,Glinda of Oz,L. Frank Baum,"{""Speculative fiction"", ""Fantasy"",""Children's literature""}"
385612,Walk Two Moons,Sharon Creech,"{""Children's literature"", ""Young adult literature"", ""Fiction""}"
385678,"God Bless You, Mr. Rosewater",Kurt Vonnegut,"{""Speculative fiction"", ""Fiction"", ""Novel""}"
385817,The Unknown Soldier,Väinö Linna,"{""War novel""}"
386381,Main Street,Sinclair Lewis,"{""Autobiography"", ""Biography"",""Children's literature"", ""Fiction"", ""Novel""}"
386568,Misery,Stephen King,"{""Children's literature"", ""Horror"",""Speculative fiction"", ""Fiction""}"
386867,The Monk,M. G. Lewis,"{""Gothic fiction""}"
386988,Star by Star,Troy Denning,"{""Science Fiction"",""Speculative fiction"", ""Fantasy"", ""Fiction""}"
388046,American Tabloid,James Ellroy,"{""Crime Fiction"",""Mystery"",""Speculative fiction"", ""Fiction"", ""Suspense""}"
388056,The Wonderful Adventures of Nils,Selma Lagerlöf,"{""Speculative fiction"",""Children's literature""}"
390168,The Cold Six Thousand,James Ellroy,"{""Crime Fiction"",""Mystery"", ""Novel"", ""Suspense""}"
391497,Fifth Business,Robertson Davies,"{""Speculative fiction"", ""Fiction""}"
393290,Black Boy,Richard Wright,"{""Autobiography"", ""Biography"", ,""Non-fiction""}"
393492,The City and the Pillar,Gore Vidal,"{""Novel""}"
393692,Tai-Pan: A Novel of Hong Kong,James Clavell,"{""Historical fiction"", ""Fiction"", ""Novel""}"
394089,Horton Hears a Who!,Dr. Seuss,"{""Children's literature""}"
394715,The World is Round,Tony Rothman,"{""Hard science fiction"", ""Science Fiction"",""Speculative fiction""}"
395037,’Salem's Lot,Stephen King,"{""Gothic fiction"",""Speculative fiction"", ""Horror""}"
395683,One Day in the Life of Ivan Denisovich,Aleksandr Solzhenitsyn,"{""Fiction""}"
395880,The Black Dahlia,James Ellroy,"{""Crime Fiction"",""Mystery"", ""Novel"", ""Fiction"", ""Suspense""}"
397398,The Bourne Identity,Robert Ludlum,"{""Thriller"",""Mystery"", ""Spy fiction"", ""Fiction"", ""Suspense""}"
398809,The Gripping Hand,Jerry Pournelle,"{""Science Fiction"",""Speculative fiction"", ""Novel""}"
398933,Redwall,Brian Jacques,"{""Children's literature"", ""Fantasy"",""Speculative fiction"", ""Fiction""}"
399019,Forever Peace,Joe Haldeman,"{""Science Fiction"",""Speculative fiction"", ""Novel""}"
399029,Alaska,James A. Michener,"{""History"", ""Fiction"", ""Historical novel""}"
401482,The Mill on the Floss,George Eliot,"{""Children's literature"", ""Novel"", ""Romance novel"",""Mystery"", ""Fiction"", ""Suspense""}"
401627,Lullaby,Chuck Palahniuk,"{""Satire"", ""Horror"",""Speculative fiction"", ""Fiction""}"
404949,Lucky Jim,Kingsley Amis,"{""Comic novel"", ""Fiction"", ""Novel""}"
406609,"For Us, The Living: A Comedy of Customs",Robert A. Heinlein,"{""Science Fiction"",""Speculative fiction""}"
407392,A Connecticut Yankee in King Arthur's Court,Mark Twain,"{""Science Fiction"",""Children's literature"", ""Alternate history"",""Speculative fiction"", ""Satire"", ""Fantasy"", ""Fiction"", ""Time travel"", ""Humour""}"
408735,Absolution Gap,Alastair Reynolds,"{""Hard science fiction"", ""Science Fiction"",""Speculative fiction""}"
408738,Broken Angels,Richard Morgan,"{""Science Fiction"",""Speculative fiction""}"
409036,"Coronation, or the Last of the Romanovs",Boris Akunin,"{""Mystery"", ""Novel"", ""History""}"
409236,Wolves of the Calla,Stephen King,"{""Science Fiction"", ""Horror"", ""Western fiction"",""Speculative fiction"", ""Fantasy"", ""Fiction""}"
410134,The Good Earth,Pearl S. Buck,"{""Historical fiction"",""Children's literature"", ""Fiction""}"
410873,The Secret Garden,Frances Hodgson Burnett,"{""Science Fiction"",""Speculative fiction"",""Children's literature"", ""Fiction""}"
410932,"The Sea, the Sea",Iris Murdoch,"{""Fiction""}"
411954,Trinity,Leon Uris,"{""Historical fiction"", ""Fiction""}"
412140,The Discovery of Heaven,Harry Mulisch,"{""Fiction"", ""Novel""}"
412654,A Prayer for Owen Meany,John Irving,"{""Novel""}"
413263,Get Shorty,Elmore Leonard,"{""Crime Fiction"",""Mystery"", ""Fiction""}"
414118,Autobiography of a Brown Buffalo,Oscar Zeta Acosta,"{""Autobiography"", ""Novel""}"
414331,The Naked Sun,Isaac Asimov,"{""Mystery"", ""Science Fiction"",""Speculative fiction"",""Children's literature"", ""Fiction""}"
415267,The Man Who Was Thursday,G. K. Chesterton,"{""Thriller"",""Mystery"",""Speculative fiction"", ""Fiction"", ""Novel""}"
415715,A Simple Plan,Scott Smith,"{""Thriller"",""Mystery"", ""Fiction"", ""Suspense""}"
417955,"Farewell, My Lovely",Raymond Chandler,"{""Crime Fiction"", ""Hardboiled""}"
417968,The Long Goodbye,Raymond Chandler,"{""Mystery"", ""Detective fiction"", ""Novel"", ""Hardboiled""}"
418332,The Once and Future King,T. H. White,"{""Speculative fiction"", ""Fantasy""}"
418537,Relic,Douglas Preston,"{""Thriller"", ""Science Fiction"", ""Horror"",""Speculative fiction"", ""Techno-thriller"", ""Fiction""}"
418808,The Mayor of Casterbridge: The Life and Death of a Man of Character,Thomas Hardy,"{""Novel""}"
419078,Life of Pi,Yann Martel,"{""Fiction"", ""Novel""}"
420130,The Robots of Dawn,Isaac Asimov,"{""Mystery"", ""Science Fiction"",""Speculative fiction"",""Children's literature"", ""Fiction""}"
420442,Peril at End House,Agatha Christie,"{""Crime Fiction"",""Mystery"",""Children's literature"", ""Fiction"", ""Suspense""}"
420985,The Subtle Knife,Philip Pullman,"{""Children's literature"", ""Fantasy"",""Speculative fiction"", ""Fiction""}"
421106,The Horse and His Boy,C. S. Lewis,"{""Speculative fiction"", ""Fantasy"",""Children's literature""}"
421290,The Story of the Stone,Barry Hughart,"{""Speculative fiction"", ""Fantasy""}"
421473,The Mists of Avalon,Marion Zimmer Bradley,"{""Speculative fiction"", ""Fantasy"", ""Fiction""}"
422466,The Book of Merlyn,T. H. White,"{""Speculative fiction"", ""Fantasy"", ""Fiction""}"
423605,The Iron Heel,Jack London,"{""Science Fiction"",""Speculative fiction"", ""Utopian and dystopian fiction"", ""Fantasy"", ""Fiction"", ""Dystopia""}"
423606,Martin Eden,Jack London,"{""Children's literature"", , ""Fiction"", ""Novel""}"
423607,The Valley of the Moon,Jack London,"{""Children's literature"", ""Fiction""}"
423675,At Swim-Two-Birds,Flann O'Brien,"{""Novel""}"
423959,Startide Rising,David Brin,"{""Science Fiction"",""Speculative fiction"",""Children's literature"", ""Fiction"", ""Novel""}"
424021,Rilla of Ingleside,Lucy Maud Montgomery,"{""Children's literature""}"
424293,The Pickwick Papers,Charles Dickens,"{""Fiction"", ""Novel""}"
424680,Quarantine,Greg Egan,"{""Hard science fiction"", ""Science Fiction"",""Speculative fiction"", ""Fantasy"", ""Fiction""}"
425371,Rama II,Gentry Lee,"{""Science Fiction"",""Speculative fiction"", ""Fiction""}"
425872,Planet of Exile,Ursula K. Le Guin,"{""Science Fiction"",""Speculative fiction"", ""Fiction"", ""Novel""}"
427283,Fortress Besieged,Qian Zhongshu,"{""Fiction"", ""Novel""}"
427310,The Voyage of the Dawn Treader,C. S. Lewis,"{""Speculative fiction"", ""Fantasy"",""Children's literature""}"
427317,The Silver Chair,C. S. Lewis,"{""Speculative fiction"", ""Fantasy"",""Children's literature""}"
427704,Geek Love,Katherine Dunn,"{""Speculative fiction"", ""Fiction"", ""Novel""}"
428736,City of Illusions,Ursula K. Le Guin,"{""Science Fiction"",""Speculative fiction"", ""Fantasy"", ""Fiction""}"
429787,Malafrena,Ursula K. Le Guin,"{""Alternate history"", ""Science Fiction"",""Speculative fiction"", ""Fantasy""}"
430840,The Awakening,Kate Chopin,"{""Romance novel"", ""Reference"", ""Fiction"", ""Novella"", ""Novel""}"
435015,The Blithedale Romance,Nathaniel Hawthorne,"{""Roman"", ""Fiction"", ""Historical novel""}"
435372,Under the Net,Iris Murdoch,"{""Fiction""}"
438390,Things Fall Apart,Chinua Achebe,"{""Novel"",""Children's literature"", ""Poetry"", ""Fiction""}"
438445,Moneyball: The Art of Winning an Unfair Game,Michael Lewis,"{""Non-fiction""}"
438653,Billy Budd,Herman Melville,"{""Children's literature"", ""Fiction"", ""Novella""}"
441425,Bleak House,Charles Dickens,"{""Novel""}"
441838,Bridge to Terabithia,Donna Diamond,"{""Children's literature"", ""Young adult literature"",""Speculative fiction"", ""Fiction""}"
442854,Uncle Dynamite,P. G. Wodehouse,"{""Fiction""}"
443287,Tourist Season,Carl Hiaasen,"{""Crime Fiction"",""Mystery"", ""Suspense""}"
444599,Tigana,Guy Gavriel Kay,"{""Science Fiction"",""Speculative fiction"", ""Fantasy"", ""Fiction""}"
445619,The Red and the Black,Stendhal,"{""Fiction"", ""Novel""}"
447187,Pincher Martin,William Golding,"{""Fiction""}"
447192,Chocky,John Wyndham,"{""Science Fiction"",""Speculative fiction"", ""Fiction""}"
447792,Civilization and its Discontents,Sigmund Freud,"{""Non-fiction""}"
451406,The Stepford Wives,Ira Levin,"{""Thriller"",""Speculative fiction"", ""Horror"", ""Satire""}"
451824,The Fifth Child,Doris Lessing,"{""Fiction"", ""Novel""}"
452224,Anti-Ice,Stephen Baxter,"{""Alternate history"", ""Science Fiction"",""Speculative fiction"", ""Fiction""}"
452331,Shadow of the Giant,Orson Scott Card,"{""Science Fiction"",""Speculative fiction"", ""Fiction""}"
453257,Encounter With Tiber,Buzz Aldrin,"{""Science Fiction"",""Speculative fiction"", ""Fiction""}"
453338,Night of the Aurochs,Dalton Trumbo,"{""War novel""}"
454577,The Swiss Family Robinson,Johann David Wyss,"{""Children's literature"", ""Fiction"", ""Adventure novel""}"
457401,Slow Learner,Thomas Pynchon,"{""Speculative fiction"", ""Short story"", ""Fiction""}"
457932,The Sky So Big and Black,Batūl Khuḍayrī,"{""Science Fiction"",""Speculative fiction"", ""Fantasy"", ""Fiction""}"
458025,The Master of Go,Yasunari Kawabata,"{""Historical novel""}"
461501,The Legend of Luke,Brian Jacques,"{""Children's literature"", ""Fantasy"",""Speculative fiction"", ""Fiction""}"
461604,To a God Unknown,John Steinbeck,"{""Novel""}"
462297,Mystic River,Dennis Lehane,"{""Mystery"", ""Novel"", ""Fiction"", ""Suspense""}"
463024,The Monkey Wrench Gang,Edward Abbey,"{""Speculative fiction"", ""Fiction"", ""Novel""}"
465056,Death from a Top Hat,Clayton Rawson,"{""Mystery"", ""Detective fiction""}"
466228,The Autumn of the Patriarch,Gabriel García Márquez,"{""Novel""}"
466470,The Eyre Affair,Jasper Fforde,"{""Alternate history"", ""Fiction"", ""Novel""}"
466502,I Am a Cat,Soseki Natsume,"{""Comic novel"", ""Comedy""}"
467114,Swag,Elmore Leonard,"{""Mystery"", ""Fiction"", ""Suspense""}"
467841,Say It With Poison,Ann Granger,"{""Mystery"", ""Suspense""}"
470759,Camp Concentration,Thomas M. Disch,"{""Science Fiction"",""Speculative fiction"", ""Fiction"", ""Dystopia""}"
470889,The Whole Man,John Brunner,"{""Science Fiction"",""Speculative fiction""}"
470913,Timescoop,John Brunner,"{""Science Fiction"",""Speculative fiction""}"
471233,Silverlock,John Myers Myers,"{""Speculative fiction"", ""Fantasy"", ""Fiction""}"
472089,Matilda,Roald Dahl,"{""Children's literature"", ""Fantasy"",""Speculative fiction"", ""Humour"", ""Fiction""}"
472097,The Positronic Man,Isaac Asimov,"{""Science Fiction"", ""Fiction""}"
473297,No Highway,Nevil Shute,"{""Mystery"",""Speculative fiction"", ""Fiction"", ""Suspense""}"
473707,"Rich Dad, Poor Dad: What the Rich Teach Their Kids About Money - That the Poor and the Middle Class Do Not!",Sharon Lechter,"{""Non-fiction""}"
474204,The Currents of Space,Isaac Asimov,"{""Science Fiction"",""Speculative fiction"", ""Fiction""}"
474327,Foundation's Fear,Gregory Benford,"{""Science Fiction"",""Speculative fiction""}"
474347,Foundation and Chaos,Greg Bear,"{""Science Fiction"",""Speculative fiction"", ""Fiction""}"
474349,Foundation's Triumph,David Brin,"{""Science Fiction"",""Speculative fiction""}"
474729,Isaac Asimov's Caliban,Roger MacBride Allen,"{""Science Fiction"",""Speculative fiction""}"
474730,Isaac Asimov's Inferno,Roger MacBride Allen,"{""Science Fiction"",""Speculative fiction""}"
475208,The Feast of the Goat,Mario Vargas Llosa,"{""Novel"", ""Fiction"", ""Historical novel""}"
475298,Lost in a Good Book,Jasper Fforde,"{""Alternate history"",""Speculative fiction"",""Mystery"", ""Fantasy"", ""Fiction"", ""Suspense""}"
475366,Pan,Knut Hamsun,"{""Fiction""}"
475398,The Eye of Argon,Jim Theis,"{""Speculative fiction"", ""Fantasy""}"
477751,The Glass Bead Game,Hermann Hesse,"{""Science Fiction"",""Speculative fiction"", ""Fiction"", ""Novel""}"
477936,Seven Days in New Crete,Robert Graves,"{""Science Fiction"",""Speculative fiction"", ""Fiction""}"
478921,The Hitchhiker's Guide to the Galaxy,Douglas Adams,"{""Science Fiction"", ""Comic novel"",""Speculative fiction"", ""Comic science fiction"", ""Humour""}"
480566,Galactic Pot-Healer,Philip K. Dick,"{""Science Fiction"",""Speculative fiction"", ""Fiction""}"
481041,Jennifer Government,Max Barry,"{""Dystopia"", ""Satire"",""Speculative fiction"", ""Utopian and dystopian fiction""}"
482983,American Pastoral,Philip Roth,"{""Fiction"", ""Novel""}"
484189,Down to a Sunless Sea,David Graham,"{""Science Fiction"",""Speculative fiction"", ""Novel""}"
487486,The Mystery of the Yellow Room,Gaston Leroux,"{""Mystery"", ""Fantasy"", ""Fiction"", ""Suspense""}"
488035,Galilee,Clive Barker,"{""Speculative fiction""}"
490129,The Spy Who Loved Me,Ian Fleming,"{""Spy fiction""}"
490935,Assomoir,Émile Zola,"{""Novel""}"
491219,Trilby,George du Maurier,"{""Horror""}"
491727,Metropolitan,Walter Jon Williams,"{""Science Fiction"",""Speculative fiction""}"
491904,The Hellbound Heart,Clive Barker,"{""Speculative fiction"", ""Horror""}"
492302,Five Children and It,E. Nesbit,"{""Children's literature"", ""Fantasy"",""Speculative fiction"", ""Fiction""}"
492415,Valley of the Dolls,Jacqueline Susann,"{""Romance novel""}"
493408,Scaramouche: A Romance of the French Revolution,Rafael Sabatini,"{""Historical novel""}"
493517,K-PAX,Gene Brewer,"{""Science Fiction"",""Speculative fiction"", ""Fantasy"", ""Fiction""}"
496509,Them,Joyce Carol Oates,"{""Speculative fiction"", ""Fiction"", ""Novel""}"
496939,2061: Odyssey Three,Arthur C. Clarke,"{""Science Fiction"",""Speculative fiction""}"
496941,3001: The Final Odyssey,Arthur C. Clarke,"{""Science Fiction"",""Speculative fiction""}"
497096,Rama Revealed,Arthur C. Clarke,"{""Science Fiction"",""Speculative fiction""}"
497415,At the Mountains of Madness,H. P. Lovecraft,"{""Science Fiction"", ""Horror"",""Speculative fiction"",""Mystery"", ""Fiction"", ""Lost World""}"
497634,Maskerade,Terry Pratchett,"{""Science Fiction"",""Speculative fiction"", ""Fantasy"", ""Fiction"", ""Suspense""}"
497663,Footfall,Jerry Pournelle,"{""Science Fiction"",""Speculative fiction"", ""Fiction""}"
498586,Shade's Children,Garth Nix,"{""Science Fiction"",""Speculative fiction"", ""Fantasy"", ""Dystopia""}"
498885,The Bonfire of the Vanities,Tom Wolfe,"{""Fiction"", ""Novel""}"
500708,On My Way to Paradise,Dave Wolverton,"{""Science Fiction""}"
502720,Ice Station Zebra,Alistair MacLean,"{""Thriller"", ""Novel""}"
507929,Inferno,Jerry Pournelle,"{""Science Fiction"",""Speculative fiction"", ""Fiction"", ""Novel""}"
508387,The Bridge of San Luis Rey,Thornton Wilder,"{""Fiction"", ""Novella"", ""Novel""}"
508403,The Owl Service,Alan Garner,"{""Fantasy"",""Speculative fiction"", ""Young adult literature""}"
509726,Maya the Bee,Waldemar Bonsels,"{""Children's literature""}"
511296,Baudolino,Umberto Eco,"{""Speculative fiction"", ""Historical fiction"", ""Romance novel"", ""Fantasy"", ""Fiction"", ""Historical novel""}"
512677,The Ugly Little Boy,Isaac Asimov,"{""Science Fiction"", ""Novel""}"
515055,The Man-eaters of Tsavo,John Henry Patterson,"{""Non-fiction""}"
515109,Ponniyin Selvan,Kalki Krishnamurthy,"{""Thriller"", ""Spy fiction"", ""Novel"", ""Romance novel"", ""Historical novel""}"
518097,A Walk in the Woods: Rediscovering America on the Appalachian Trail,Bill Bryson,"{""Non-fiction""}"
518302,In the Country of Last Things,Paul Auster,"{""Speculative fiction"", ""Dystopia"", ""Utopian and dystopian fiction""}"
519933,Shikasta,Doris Lessing,"{""Science Fiction"", ""Fiction""}"
521188,Down and Out in the Magic Kingdom,Cory Doctorow,"{""Science Fiction"",""Speculative fiction""}"
522331,National Velvet,Enid Bagnold,"{""Children's literature"", ""Fiction""}"
523463,I Never Promised You a Rose Garden,Joanne Greenberg,"{""Autobiographical novel"",""Children's literature"", ""Fiction""}"
523761,The Sum of All Fears,Tom Clancy,"{""Thriller"",""Speculative fiction"", ""Fiction""}"
523853,"He, She and It",Marge Piercy,"{""Science Fiction"",""Speculative fiction"", ""Fiction""}"
525496,Tintin in the Land of the Soviets,Hergé,"{""Comic book""}"
526283,Something Fresh,P. G. Wodehouse,"{""Comic novel"", ""Comedy"", ""Fiction""}"
526665,The Light of Other Days,Stephen Baxter,"{""Science Fiction"",""Speculative fiction"", ""Transhumanism""}"
528116,The Integral Trees,Larry Niven,"{""Science Fiction"",""Speculative fiction"", ""Fiction"", ""Novel""}"
528860,The Age of Innocence,Edith Wharton,"{""Fiction"", ""Romance novel"", ""Novel""}"
529052,With Fire and Sword,Henryk Sienkiewicz,"{""Historical novel""}"
529614,Sabriel,Garth Nix,"{""Science Fiction"",""Children's literature"", ""Fantasy"",""Speculative fiction"", ""Fiction""}"
530285,The Amber Spyglass,Philip Pullman,"{""Science Fiction"",""Children's literature"", ""Fantasy"",""Speculative fiction"", ""Fiction""}"
531096,Summer Lightning,P. G. Wodehouse,"{""Comic novel"",""Speculative fiction"", ""Fiction"", ""Comedy""}"
531397,Riddley Walker,Russell Hoban,"{""Science Fiction"",""Speculative fiction"", ""Fiction"", ""Utopian and dystopian fiction""}"
531730,The Case of Charles Dexter Ward,H. P. Lovecraft,"{""Speculative fiction""}"
531939,334,Thomas M. Disch,"{""Dystopia"", ""Science Fiction"",""Speculative fiction"", ""Fiction"", ""Utopian and dystopian fiction""}"
532361,N or M?,Agatha Christie,"{""Crime Fiction"",""Mystery""}"
534425,The Mist,Stephen King,"{""Novella""}"
534538,The Seven Dials Mystery,Agatha Christie,"{""Crime Fiction"",""Mystery"", ""Fiction"", ""Suspense""}"
534882,Ronia the Robber's Daughter,Astrid Lindgren,"{""Children's literature""}"
535144,Pet Sematary,Stephen King,"{""Speculative fiction"", ""Horror"", ""Fiction"", ""Suspense""}"
535391,Firestarter,Stephen King,"{""Thriller"", ""Science Fiction"",""Children's literature"", ""Horror"",""Speculative fiction"",""Mystery"", ""Fiction""}"
535765,Rage,Stephen King,"{""Speculative fiction"", ""Horror""}"
535861,The Regulators,Stephen King,"{""Science Fiction"",""Speculative fiction"", ""Horror""}"
536064,The Two Georges,Harry Turtledove,"{""Alternate history"", ""Science Fiction"",""Speculative fiction"", ""Fiction""}"
537049,Oryx and Crake,Margaret Atwood,"{""Dystopia"", ""Science Fiction"",""Speculative fiction"", ""Novel"", ""Utopian and dystopian fiction""}"
537301,Temple,Matthew Reilly,"{""Thriller"", ""Techno-thriller"",""Speculative fiction"", ""Fiction"", ""Novel""}"
538880,The Man Who Folded Himself,David Gerrold,"{""Time travel"",""Speculative fiction"", ""Science Fiction"", ""Fiction""}"
538998,The Four Feathers,A. E. W. Mason,"{""Adventure novel""}"
539255,Ice Station,Matthew Reilly,"{""Techno-thriller"",""Speculative fiction"", ""Fiction""}"
539702,The Magic Mountain,Thomas Mann,"{""Fiction"", ""Bildungsroman""}"
539738,The Bridge on the Drina,Ivo Andrić,"{""Novel""}"
539758,The Castle,Franz Kafka,"{""Dystopia"", ""Fiction"", ""Utopian and dystopian fiction""}"
539788,Invisible Monsters,Chuck Palahniuk,"{""Speculative fiction"", ""Fiction"", ""Novel""}"
540888,Speak,Laurie Halse Anderson,"{""Children's literature"", ""Fiction"", ""Novel""}"
541704,Ripley Under Water,Patricia Highsmith,"{""Crime Fiction"",""Mystery""}"
542217,The Broken Ear,Hergé,"{""Comic book""}"
542507,The Secret of Chimneys,Agatha Christie,"{""Crime Fiction"",""Mystery"", ""Fiction"", ""Suspense""}"
542922,Tintin in the Congo,Hergé,"{""Comic book""}"
542931,The Black Island,Hergé,"{""Comic book""}"
543142,The Pelican Brief,John Grisham,"{""Children's literature"", ""Fiction"", ""Novel""}"
543278,The Fall of the House of Usher,Edgar Allan Poe,"{""Horror""}"
544460,"Unweaving the Rainbow: Science, Delusion and the Appetite for Wonder",Richard Dawkins,"{""Non-fiction""}"
544947,In the Skin of a Lion,Michael Ondaatje,"{""Fiction""}"
544984,The World of Null-A,A. E. van Vogt,"{""Science Fiction"",""Speculative fiction"", ""Novel""}"
545026,The Black Arrow: A Tale of the Two Roses,Robert Louis Stevenson,"{""Children's literature"", ""Adventure novel"",""Speculative fiction"", ""Romance novel"", ""Fiction"", ""Historical novel"", ""Historical fiction""}"
545049,Interesting Times,Terry Pratchett,"{""Science Fiction"",""Children's literature"",""Speculative fiction"", ""Fantasy"", ""Suspense"", ""Fiction""}"
547744,The Present and the Past,Ivy Compton-Burnett,"{""Fiction""}"
547990,Explorers on the Moon,Hergé,"{""Comic book""}"
549558,The Dragon Reborn,Robert Jordan,"{""Speculative fiction"", ""Fantasy""}"
549608,The Fires of Heaven,Robert Jordan,"{""Speculative fiction"", ""Fantasy""}"
549687,The Shadow Rising,Robert Jordan,"{""Speculative fiction"", ""Fantasy""}"
549746,1876,Gore Vidal,"{""History"", ""Novel""}"
551066,Last of the Curlews,Fred Bodsworth,"{""Fiction"", ""Novel""}"
552085,Reaper Man,Terry Pratchett,"{""Science Fiction"",""Speculative fiction"", ""Fantasy"", ""Fiction""}"
552134,Men at Arms,Terry Pratchett,"{""Science Fiction"",""Speculative fiction"", ""Fantasy"", ""Fiction""}"
552177,Hogfather,Terry Pratchett,"{""Speculative fiction"", ""Fantasy"", ""Fiction""}"
552328,Thief of Time,Terry Pratchett,"{""Science Fiction"",""Speculative fiction"", ""Fantasy"", ""Fiction""}"
552609,Code of the Lifemaker,James P. Hogan,"{""Science Fiction"",""Speculative fiction"", ""Fiction""}"
553671,Free Culture: How Big Media Uses Technology and the Law to Lock Down Culture and Control Creativity,Lawrence Lessig,"{""Non-fiction""}"
554818,Killing Mr. Griffin,Lois Duncan,"{""Children's literature"", ""Young adult literature"", ""Fiction"", ""Suspense""}"
562222,A Wrinkle in Time,Madeleine L'Engle,"{""Fantasy"", ""Science Fiction"",""Speculative fiction"", ""Young adult literature"",""Children's literature""}"
562243,Lord of Chaos,Robert Jordan,"{""Speculative fiction"", ""Fantasy""}"
562456,The Outsiders,S. E. Hinton,"{""Children's literature"", ""Young adult literature"",""Speculative fiction"", ""Fiction""}"
563269,The Power and the Glory,Graham Greene,"{""Speculative fiction"",""Children's literature"", ""Fiction"", ""Novel""}"
563328,The End of the Affair,Graham Greene,"{""Speculative fiction"", ""Fiction"", ""Novel""}"
564174,The Idiot,Fyodor Dostoyevsky,"{""Novel""}"
564305,Telempath,Spider Robinson,"{""Science Fiction"",""Speculative fiction"", ""Fiction""}"
564374,Tell Me Your Dreams,Sidney Sheldon,"{""Thriller""}"
564397,The Doomsday Conspiracy,Sidney Sheldon,"{""Thriller"", ""Fiction"", ""Novel""}"
564488,Altered Carbon,Richard Morgan,"{""Science Fiction"",""Speculative fiction"", ""Hardboiled""}"
564906,Death on the Nile,Agatha Christie,"{""Crime Fiction"",""Mystery"", ""Fiction"", ""Suspense""}"
566190,Dot and the Kangaroo,Ethel Pedley,"{""Children's literature""}"
567081,The Seven-Per-Cent Solution,Nicholas Meyer,"{""Detective fiction"", ""Fiction""}"
567439,Jimmy Corrigan: The Smartest Kid on Earth,Chris Ware,"{""Graphic novel""}"
